Name,Link
Не указано,https://tury.ru/hotel/?cn=0&ct=464&ht=0&ad=2&ch=0&dt_f=2025-02-08&dt_t=2025-04-10&s=0#
AZIMUT Hotel Saint-Petersburg 3*,https://tury.ru/hotel/id/13168-russia-st-petersburg-azimut-hotel-saint-petersburg-3
Rossiya hotel St.Peterburg 3*,https://tury.ru/hotel/id/14491-russia-st-petersburg-rossiya-rossiya-3
Admiraltejskie verfi hotel,https://tury.ru/hotel/id/14492-russia-st-petersburg-admiraltejskie-verfi-hotel
Polustrovo hotel 3*,https://tury.ru/hotel/id/14693-russia-st-petersburg-polyustrovo-polustrovo-3
Galakt Hotel 2*,https://tury.ru/hotel/id/14694-russia-st-petersburg-galakt-hotel-2
Kareliya hotel St. Petersburg 3*,https://tury.ru/hotel/id/17210-russia-st-petersburg-kareliya-hotel-st-petersburg-3
U Chyornoy Rechki dormitory,https://tury.ru/hotel/id/17277-russia-st-petersburg-u-chyornoy-rechki-dormitory
Best Western Plus Centre Hotel 4*,https://tury.ru/hotel/id/17278-russia-st-petersburg-oktyabrskaya-korpus-ligovskiy-oktiabrskaya-3
Saint Petersbourg Hotel 3*,https://tury.ru/hotel/id/29872-russia-st-petersburg-sankt-peterburg-eh-leningrad-saint-petersburg-3
Tsarskoselskii sanatorium,https://tury.ru/hotel/id/30969-russia-pushkin-gorod-tsarskoselskii-sanatorium
Dyuny sanatorium,https://tury.ru/hotel/id/37663-russia-st-petersburg-dyuny-sanatorium
Popov Mini Hotel,https://tury.ru/hotel/id/37667-russia-st-petersburg-popov
Akademiya MAPO hotel,https://tury.ru/hotel/id/39518-russia-st-petersburg-akademiya-mapo-hotel
Ladoga hotel 3*,https://tury.ru/hotel/id/39847-russia-st-petersburg-ladoga-ladoga-3
Kortiniya St. Petersburg hotel 5*,https://tury.ru/hotel/id/39860-russia-st-petersburg-kortiniya-st-petersburg-hotel-5
Marco Polo St. Petersburg 4*,https://tury.ru/hotel/id/39866-russia-st-petersburg-marko-polo-sankt-peterburg-marco-polo-st-petersburg-4
Orbita hotel,https://tury.ru/hotel/id/47763-russia-st-petersburg-orbita-orbita
Nevsky Mayak - Nevsky 94/2 3*,https://tury.ru/hotel/id/56935-russia-st-petersburg-nevskiy-mayak-nevsky-mayak
Sestroreckii kurort sanatorium,https://tury.ru/hotel/id/59107-russia-sestroreck-gorod-sestroreckiy-kurort
Admiralteyskaya Hotel 3*,https://tury.ru/hotel/id/62221-russia-st-petersburg-admiralteyskaya-hotel-st-petersburg-3
Russ hotel 4*,https://tury.ru/hotel/id/62755-russia-st-petersburg-rus-hotel-3
Moscow hotel St. Petersburg 4*,https://tury.ru/hotel/id/62758-russia-st-petersburg-moskva-moskva-4
Vyborgskaya Hotel 3*,https://tury.ru/hotel/id/62759-russia-st-petersburg-vyborgskaya-hotel-3
Okhtinskaya Hotel 3*,https://tury.ru/hotel/id/62760-russia-st-petersburg-ohtinskaya-okhtinskaya-3
K-Vizit hotel Saint-Petersburg 4*,https://tury.ru/hotel/id/64465-russia-st-petersburg-k-vizit-hotel-saint-petersburg-4
Kupchinskaya Hotel,https://tury.ru/hotel/id/64568-russia-st-petersburg-kupchinskaya-kupchinskaya
Asteria 3*,https://tury.ru/hotel/id/64569-russia-st-petersburg-asteria-hotel
Severnaya Hotel 2*,https://tury.ru/hotel/id/64571-russia-st-petersburg-severnaya-severnaya
Baltiyskaya hotel,https://tury.ru/hotel/id/64572-russia-st-petersburg-baltiyskaya-hotel
Dom Studenta na Korablestroitelei dormitory,https://tury.ru/hotel/id/64573-russia-st-petersburg-dom-studenta-na-korablestroiteley-dom-studenta
U Pushkinskoj dormitory,https://tury.ru/hotel/id/64574-russia-st-petersburg-u-pushkinskoj-dormitory
Annushka hotel St.Petersburg 3*,https://tury.ru/hotel/id/65336-russia-st-petersburg-annushka-hotel-st-petersburg-3
Komfort hotel St. Petersburg 3*,https://tury.ru/hotel/id/66349-russia-st-petersburg-komfort-hotel-st-petersburg
Ermitage hotel 4*,https://tury.ru/hotel/id/66386-russia-st-petersburg-ermitage-hotel-4
Herzen House Hotel 3*,https://tury.ru/hotel/id/66392-russia-st-petersburg-herzen-house-hotel
Nevsky Forum Hotel 4*,https://tury.ru/hotel/id/66393-russia-st-petersburg-nevskiy-forum-nevsky-forum-4
Andersen Hotel 3*,https://tury.ru/hotel/id/66448-russia-st-petersburg-andersen-hotel-3
Krestovskij ostrov hotel,https://tury.ru/hotel/id/66449-russia-st-petersburg-krestovskij-ostrov-hotel
Park Inn by Radisson Pribaltiyskaya 4*,https://tury.ru/hotel/id/66480-russia-st-petersburg-park-inn-pribaltiyskaya-hotel-4
Rinaldi Olympia hotel 4*,https://tury.ru/hotel/id/66481-russia-st-petersburg-rinaldi-olympia-hotel
Sputnik hotel St. Petersburg 3*,https://tury.ru/hotel/id/66482-russia-st-petersburg-sputnik-hotel-st-petersburg-3
LDM Hotel 3*,https://tury.ru/hotel/id/66485-russia-st-petersburg-ldm-hotel-3
AlexanderPlatz Hotel 3*,https://tury.ru/hotel/id/66495-russia-st-petersburg-alexanderplats-hotel
Park Inn by Radisson Pulkovskaya 4*,https://tury.ru/hotel/id/66496-russia-st-petersburg-park-inn-pulkovskaya-hotel-4
Nouvelle Europe hotel 4*,https://tury.ru/hotel/id/67314-russia-st-petersburg-nouvelle-europe-hotel-4
Arbat Nord Hotel 3*,https://tury.ru/hotel/id/67330-russia-st-petersburg-arbat-nord-hotel-3
The Brothers Karamazov hotel 4*,https://tury.ru/hotel/id/67331-russia-st-petersburg-the-brothers-karamazov-hotel-4
Pyatyj Ugol hotel 3*,https://tury.ru/hotel/id/67332-russia-st-petersburg-pyatyy-ugol-pyatyj-ugol-3
Ibis St. Petersburg Centre hotel 3*,https://tury.ru/hotel/id/67333-russia-st-petersburg-ibis-st-petersburg-centre-hotel-3
Nevsky Central Hotel 3*,https://tury.ru/hotel/id/67334-russia-st-petersburg-nevsky-central-hotel-3
Nevsky Express Hotel 3*,https://tury.ru/hotel/id/67335-russia-st-petersburg-nevsky-express-hotel-3
Nevsky Hotel Aster 3*,https://tury.ru/hotel/id/67336-russia-st-petersburg-nevsky-hotel-aster-3
Nevsky Hotel Deluxe 3*,https://tury.ru/hotel/id/67337-russia-st-petersburg-nevsky-hotel-deluxe-3
Nevsky Grand Hotel 3*,https://tury.ru/hotel/id/67338-russia-st-petersburg-nevsky-hotel-grand-3
Nevsky Hotel Moyka 3*,https://tury.ru/hotel/id/67339-russia-st-petersburg-nevsky-hotel-moyka-3
Ambassador hotel 4*,https://tury.ru/hotel/id/67341-russia-st-petersburg-ambassador-hotel-4
Helvetia Hotel 4*,https://tury.ru/hotel/id/67342-russia-st-petersburg-helvetia-hotel-4
Novotel Saint Petersburg Centre 4*,https://tury.ru/hotel/id/67344-russia-st-petersburg-novotel-saint-petersburg-hotel-4
Petro Palace Hotel 4*,https://tury.ru/hotel/id/67345-russia-st-petersburg-petro-palace-hotel-4
Belmond Grand Hotel Europe 5*,https://tury.ru/hotel/id/67348-russia-st-petersburg-grand-hotel-europe-5
Sokos Hotel Palace Bridge 5*,https://tury.ru/hotel/id/67349-russia-st-petersburg-palace-bridge-spa-hotel-5
Radisson Royal Hotel St. Petersburg 5*,https://tury.ru/hotel/id/67350-russia-st-petersburg-radisson-royal-hotel-st-petersburg-5
Rinaldi na Bolshom mini hotel 3*,https://tury.ru/hotel/id/67351-russia-st-petersburg-rinaldi-na-bolshom-mini-hotel
Rinaldi History na Nevskom 105 mini hotel 3*,https://tury.ru/hotel/id/67352-russia-st-petersburg-rinaldi-na-nevskom-105-mini-hotel
Rinaldi Harmony mini hotel 3*,https://tury.ru/hotel/id/67353-russia-st-petersburg-rinaldi-harmony-mini-hotel
Dostoevsky Hotel 3*,https://tury.ru/hotel/id/67354-russia-st-petersburg-dostoevsky-hotel-3
Nash hotel 4*,https://tury.ru/hotel/id/67355-russia-st-petersburg-nash-hotel-4
Angleterre Hotel 5*,https://tury.ru/hotel/id/67356-russia-st-petersburg-angleterre-hotel-5
Astoria hotel 5*,https://tury.ru/hotel/id/67357-russia-st-petersburg-astoria-hotel-5
Author Boutique Hotel 5*,https://tury.ru/hotel/id/67358-russia-st-petersburg-golden-garden-boutique-hotel-5
U Pionerskoj hotel,https://tury.ru/hotel/id/67362-russia-st-petersburg-u-pionerskoj-hotel
Stony Island on Lomonosova hotel 3*,https://tury.ru/hotel/id/69354-russia-st-petersburg-stony-island-on-lomonosova-hotel
Stony Island on Kamennoostrovsky hotel,https://tury.ru/hotel/id/69362-russia-st-petersburg-stony-island-on-kamennoostrovsky-hotel
Arkadia hotel St. Petersburg 4*,https://tury.ru/hotel/id/71086-russia-st-petersburg-arkadia-hotel-st-petersburg-4
Atlantika hotel 3*,https://tury.ru/hotel/id/72772-russia-st-petersburg-atlantika-hotel-3
Park Lane Inn mini hotel 3*,https://tury.ru/hotel/id/72917-russia-st-petersburg-park-lane-inn-mini-hotel
Akvareli hotel Saint-Petersburg 3*,https://tury.ru/hotel/id/73001-russia-st-petersburg-akvareli-hotel-saint-petersburg-3
Atrium hotel St. Petersburg 3*,https://tury.ru/hotel/id/73002-russia-st-petersburg-atrium-hotel-st-petersburg-3
Grand Hotel Emerald 5*,https://tury.ru/hotel/id/73013-russia-st-petersburg-grand-hotel-emerald-5
Fortecia Piter mini hotel 3*,https://tury.ru/hotel/id/73247-russia-st-petersburg-fortecia-piter-mini-hotel
Kievskaya Hotel on Dnepropetrovskaya 2*,https://tury.ru/hotel/id/73523-russia-st-petersburg-kievskaya-hotel-2
Garrah mini hotel 4*,https://tury.ru/hotel/id/73524-russia-st-petersburg-garrah-mini-hotel
Staryj Nevsij hotel 3*,https://tury.ru/hotel/id/73525-russia-st-petersburg-staryy-nevskiy-staryj-nevsij-3
Zvezdnyi hotel St. Petersburg 2*,https://tury.ru/hotel/id/73526-russia-st-petersburg-zvezdnyi-hotel-st-petersburg-2
Sonata at Mayakovskogo hotel 3*,https://tury.ru/hotel/id/73527-russia-st-petersburg-sonata-at-mayakovskogo-hotel-3
Abazhur na Fontanke mini hotel St.Petersburg 2*,https://tury.ru/hotel/id/73528-russia-st-petersburg-abazhur-na-fontanke-mini-hotel-st-petersburg
Comfitel Demidov Most hotel 3*,https://tury.ru/hotel/id/73529-russia-st-petersburg-comfitel-demidov-most-hotel-3
Comfitel City Hotel Ligovskiy Prospekt 3*,https://tury.ru/hotel/id/73530-russia-st-petersburg-comfitel-city-hotel-ligovskiy-prospekt-3
Sonata at Gorokhovaya mini hotel 3*,https://tury.ru/hotel/id/73531-russia-st-petersburg-sonata-at-gorokhovaya-mini-hotel-3
Comfitel Alexandria Hotel 3*,https://tury.ru/hotel/id/73533-russia-st-petersburg-comfitel-alexandriya-hotel-3
Cameo Hotel 3*,https://tury.ru/hotel/id/73534-russia-st-petersburg-cameo-hotel-3
Sonata at Bolshoy Ave. mini hotel 3*,https://tury.ru/hotel/id/73547-russia-st-petersburg-sonata-at-bolshoy-ave-mini-hotel-3
Galereya hotel Saint-Petersburg 3*,https://tury.ru/hotel/id/73548-russia-st-petersburg-galereya-hotel-saint-petersburg-3
Aquamarine Spa Hotel 4*,https://tury.ru/hotel/id/73709-russia-zelenogorsk-gorod-akvamarin-hotel-zelenogorsk-4
Idilliya mini hotel St. Petersburg,https://tury.ru/hotel/id/73830-russia-st-petersburg-idilliya-mini-hotel-st-petersburg
Nevskii 150 apart hotel,https://tury.ru/hotel/id/73832-russia-st-petersburg-holstomer-hotel
Staraya Vena hotel,https://tury.ru/hotel/id/73834-russia-st-petersburg-staraya-vena-staraya-vena
Natali hotel,https://tury.ru/hotel/id/74946-russia-st-petersburg-natali-natali
Amadeo hotel Saint-Petersburg 3*,https://tury.ru/hotel/id/75010-russia-st-petersburg-amadeo-hotel-saint-petersburg-3
Lira hotel 3*,https://tury.ru/hotel/id/75347-russia-st-petersburg-lira-hotel-3
Lahta hotel,https://tury.ru/hotel/id/75348-russia-st-petersburg-lahta-lahta
Rechnaya hotel,https://tury.ru/hotel/id/75349-russia-st-petersburg-rechnaya-rechnaya
Obuhoff Hotel 3*,https://tury.ru/hotel/id/75367-russia-st-petersburg-obuhoff-obuhoff-3
Belveder-Nevskiy hotel 4*,https://tury.ru/hotel/id/75387-russia-st-petersburg-belveder-nevskiy-hotel-4
Repinskaya Hotel 3*,https://tury.ru/hotel/id/75650-russia-repino-spb-repinskaya
Accent Hotel 3*,https://tury.ru/hotel/id/75882-russia-st-petersburg-accent-hotel-3
Nauka Hotel Complex,https://tury.ru/hotel/id/75901-russia-st-petersburg-nauka-nauka
Lancaster Court Hotel 3*,https://tury.ru/hotel/id/75968-russia-st-petersburg-lancaster-court-hotel-3
Valeria Mini Hotel 4*,https://tury.ru/hotel/id/77053-russia-st-petersburg-valeria-mini-hotel
Luxa Sfinks mini hotel,https://tury.ru/hotel/id/77217-russia-st-petersburg-luxa-sfinks-mini-hotel
Elegiya mini hotel Saint-Petersburg 3*,https://tury.ru/hotel/id/77219-russia-st-petersburg-elegiya-mini-hotel-saint-petersburg
Luxa Style mini hotel,https://tury.ru/hotel/id/77220-russia-st-petersburg-luxa-style-mini-hotel
Luxa Elegant mini hotel,https://tury.ru/hotel/id/77221-russia-st-petersburg-luxa-elegant-mini-hotel
Ligotel mini hotel,https://tury.ru/hotel/id/77222-russia-st-petersburg-ligotel-mini-hotel
Luxa Usadba mini hotel,https://tury.ru/hotel/id/77225-russia-st-petersburg-luxa-usadba-mini-hotel
Luxa Na Konyushennoj mini hotel,https://tury.ru/hotel/id/77226-russia-st-petersburg-luxa-na-konyushennoj-mini-hotel
Luxa Atlas mini hotel,https://tury.ru/hotel/id/77228-russia-st-petersburg-luxa-atlas-mini-hotel
Palantin Hotel 3*,https://tury.ru/hotel/id/78206-russia-st-petersburg-palantin-palantin-3
Greenwich mini hotel 3*,https://tury.ru/hotel/id/78483-russia-st-petersburg-greenwich-mini-hotel
9 sov hotel 3*,https://tury.ru/hotel/id/78548-russia-st-petersburg-9-sov-hotel-3
Azhur mini hotel St. Petersburg,https://tury.ru/hotel/id/78895-russia-st-petersburg-azhur-mini-hotel-st-petersburg
Griboedova 71 hostel,https://tury.ru/hotel/id/78914-russia-st-petersburg-griboedova71-hostel
Olgino hotel 3*,https://tury.ru/hotel/id/79017-russia-st-petersburg-olgino-olgino-3
Sokos Vasilievsky hotel 4*,https://tury.ru/hotel/id/79035-russia-st-petersburg-sokos-vasilevskiy-sokos-vasilievsky-4
Sokos Hotel Olympic Garden 4*,https://tury.ru/hotel/id/79036-russia-st-petersburg-sokos-olimpik-garden-sokos-hotel-olympic-garden-4
Yuzhnaya hotel Saint-Petersburg,https://tury.ru/hotel/id/79044-russia-st-petersburg-yuzhnaya-hotel-saint-petersburg
Akademiya gos. sluzhby hotel,https://tury.ru/hotel/id/79846-russia-st-petersburg-akademiya-gos-sluzhby-hotel
Nevskiy Hostel - Bolshaya Konyushennaya 11 2*,https://tury.ru/hotel/id/80218-russia-st-petersburg-nevskiy-hostel
Alexander house hotel Saint Petersburg 4*,https://tury.ru/hotel/id/80722-russia-st-petersburg-alexander-house-hotel-saint-petersburg-4
Holiday Inn St. Petersburg-Moskovskye Vorota hotel 4*,https://tury.ru/hotel/id/81858-russia-st-petersburg-holiday-inn-st-petersburg-moskovskye-vorota-hotel-4
Kristoff Hotel 3*,https://tury.ru/hotel/id/81931-russia-st-petersburg-kristoff-hotel-3
Baltic Star Hotel 5*,https://tury.ru/hotel/id/81933-russia-strelna-the-baltic-star-hotel-5
Tsaritsyn Lug mini-hotel,https://tury.ru/hotel/id/81934-russia-st-petersburg-tsaritsyn-lug-mini-hotel
Guyot hotel 4*,https://tury.ru/hotel/id/81938-russia-st-petersburg-guyot-hotel-4
Yuzhno-Primorskii mini hotel 3*,https://tury.ru/hotel/id/81940-russia-st-petersburg-yuzhno-primorskii-mini-hotel
Aleksandriya Petergof hotel 3*,https://tury.ru/hotel/id/82352-russia-st-petersburg-aleksandriya-petergof-hotel
Pilau mini hotel,https://tury.ru/hotel/id/83034-russia-st-petersburg-pilau-malyy-otel-biznes-klassa
Manifest Hotel 3*,https://tury.ru/hotel/id/83155-russia-st-petersburg-manifest-manifest
Shelfort Hotel 3*,https://tury.ru/hotel/id/83716-russia-st-petersburg-shelfort-hotel-3
Pio na Mohovoj mini hotel,https://tury.ru/hotel/id/84756-russia-st-petersburg-pio-na-mohovoy-pio-na-mohovoj
Pio na Griboedova mini hotel 3*,https://tury.ru/hotel/id/84758-russia-st-petersburg-pio-na-griboedova-pio-na-griboedova
President-Hotel,https://tury.ru/hotel/id/85078-russia-st-petersburg-prezident-otel-president-hotel
Menshikov hotel St. Petersburg,https://tury.ru/hotel/id/85257-russia-st-petersburg-menshikov-menshikov
Repin hotel 3*,https://tury.ru/hotel/id/85305-russia-st-petersburg-repin-repin-3
Vesta hotel St. Petersburg 3*,https://tury.ru/hotel/id/85307-russia-st-petersburg-vesta-hotel-st-petersburg-3
Best Corner mini hotel 3*,https://tury.ru/hotel/id/85311-russia-st-petersburg-best-corner-mini-hotel
ALVinn mini hotel,https://tury.ru/hotel/id/85324-russia-st-petersburg-alvinn-mini-hotel
Doma.ru mini hotel 3*,https://tury.ru/hotel/id/85388-russia-st-petersburg-doma-ru-mini-hotel
Avgust mini hotel,https://tury.ru/hotel/id/85537-russia-st-petersburg-avgust-mini-hotel
Nordik Mini Hotel,https://tury.ru/hotel/id/85539-russia-st-petersburg-nordik-nordik
Rezidenciya u Admiraltejstva mini hotel 3*,https://tury.ru/hotel/id/85549-russia-st-petersburg-rezidenciya-u-admiralteystva-rezidenciya-u-admiraltejstva
Residence near Admiralteistva mini hotel 3*,https://tury.ru/hotel/id/85550-russia-st-petersburg-residence-near-admiralteistva-mini-hotel
Abazhur na Nevskom 23 mini hotel St. Petersburg 3*,https://tury.ru/hotel/id/85939-russia-st-petersburg-abazhur-na-nevskom-23-mini-hotel-st-petersburg
Oktaviana Mini Hotel,https://tury.ru/hotel/id/85942-russia-st-petersburg-oktaviana-oktaviana
Grifon mini hotel 3*,https://tury.ru/hotel/id/85945-russia-st-petersburg-grifon-mini-hotel
Dom Dostoevskogo mini hotel 3*,https://tury.ru/hotel/id/85951-russia-st-petersburg-dom-dostoevskogo-mini-hotel
Sabrina B and B mini hotel,https://tury.ru/hotel/id/85991-russia-st-petersburg-sabrina-b-and-b-sabrina-b-and-b
Sabrina Ekonom mini hotel,https://tury.ru/hotel/id/86005-russia-st-petersburg-sabrina-ekonom-sabrina-ekonom
Anabel Premium hotel,https://tury.ru/hotel/id/86008-russia-st-petersburg-anabel-premium-hotel
Anabel Prostor hotel,https://tury.ru/hotel/id/86009-russia-st-petersburg-anabel-prostor-hotel
Anabel Plaza hotel,https://tury.ru/hotel/id/86011-russia-st-petersburg-anabel-plaza-hotel
Anabel Komfort hotel,https://tury.ru/hotel/id/86018-russia-st-petersburg-anabel-komfort-hotel
Anabel na Nevskom 147 hotel,https://tury.ru/hotel/id/86020-russia-st-petersburg-anabel-na-nevskom-147-hotel
Primavera hotel 3*,https://tury.ru/hotel/id/86048-russia-st-petersburg-primavera-primavera-3
Dinastiya hotel 3*,https://tury.ru/hotel/id/86060-russia-st-petersburg-dinastiya-hotel
Evraziya hotel Saint-Petersburg,https://tury.ru/hotel/id/86066-russia-st-petersburg-evraziya-hotel-saint-petersburg
Regina hotel St. Peterburg 3*,https://tury.ru/hotel/id/86069-russia-st-petersburg-regina-regina
Amsterdam hotel St. Petersburg 3*,https://tury.ru/hotel/id/86080-russia-st-petersburg-amsterdam-hotel-st-petersburg-3
Admiral hotel St. Petersburg 3*,https://tury.ru/hotel/id/86098-russia-st-petersburg-admiral-hotel-st-petersburg-3
Staronevskij dom mini hotel,https://tury.ru/hotel/id/86100-russia-st-petersburg-staronevskiy-dom-staronevskij-dom
Matisov Domik Hotel 3*,https://tury.ru/hotel/id/86105-russia-st-petersburg-matisov-domik-hotel-3
Nikita Hotel St. Petersburg 3*,https://tury.ru/hotel/id/86123-russia-st-petersburg-nikita-nikita-3
Nevsky Dvor Hotel 3*,https://tury.ru/hotel/id/86133-russia-st-petersburg-nevskiy-dvor-nevskij-dvor
Anyuta na Ladozhskoi hotel 3*,https://tury.ru/hotel/id/86141-russia-st-petersburg-anyuta-na-ladozhskoi-hotel
Anyuta na Fontanke mini hotel,https://tury.ru/hotel/id/86149-russia-st-petersburg-anyuta-na-fontanke-mini-hotel
Baskov mini hotel 3*,https://tury.ru/hotel/id/86157-russia-st-petersburg-baskov-mini-hotel
Korall mini hotel St.Petersburg,https://tury.ru/hotel/id/86161-russia-st-petersburg-korall-mini-hotel-st-petersburg
33 udovolstviya private hotel 4*,https://tury.ru/hotel/id/86170-russia-st-petersburg-33-udovolstviya-private-hotel
Trezzini hotel 4*,https://tury.ru/hotel/id/86198-russia-st-petersburg-trezzini-hotel-4
Ozerki-Otel 3*,https://tury.ru/hotel/id/86201-russia-st-petersburg-ozerki-otel-ozerki-otel
Apaida privat hotel 2*,https://tury.ru/hotel/id/86206-russia-st-petersburg-apajda-privat-hotel
Krysha mini hotel 3*,https://tury.ru/hotel/id/86208-russia-st-petersburg-krysha-mini-hotel
Austrian yard mini hotel 3*,https://tury.ru/hotel/id/86209-russia-st-petersburg-avstrijskij-dvorik-mini-hotel
Elizar Hotel 3*,https://tury.ru/hotel/id/86267-russia-st-petersburg-elizar-hotel-3
Chehov mini hotel,https://tury.ru/hotel/id/86270-russia-st-petersburg-chehov-mini-hotel
Altburg on liteynyy mini hotel Saint Petersburg 3*,https://tury.ru/hotel/id/86316-russia-st-petersburg-altburg-on-liteynyy-mini-hotel-saint-petersburg
Altburg na Nevskom 53 mini hotel 4*,https://tury.ru/hotel/id/86335-russia-st-petersburg-altburg-na-nevskom-53-mini-hotel
Nemetskii Club mini hotel 3*,https://tury.ru/hotel/id/86363-russia-st-petersburg-nemeckiy-klub-nemetskij-klub
Asteri mini hotel,https://tury.ru/hotel/id/86378-russia-st-petersburg-asteri-mini-hotel
Severnaya Venetciya mini hotel,https://tury.ru/hotel/id/86383-russia-st-petersburg-severnaya-veneciya-severnaya-venetsiya
Kamerdiner mini hotel,https://tury.ru/hotel/id/86434-russia-st-petersburg-kamerdiner-mini-hotel
Abri Hotel 3*,https://tury.ru/hotel/id/86436-russia-st-petersburg-abri-hotel-3
Pushkin mini hotel 3*,https://tury.ru/hotel/id/86440-russia-st-petersburg-pushkin-pushkin
Nevsky Breeze Hotel,https://tury.ru/hotel/id/86691-russia-st-petersburg-nevsky-breeze-hotel
Vera hotel Saint-Petersburg,https://tury.ru/hotel/id/86866-russia-st-petersburg-vera-hotel-saint-petersburg
Alt Ritter mini hotel,https://tury.ru/hotel/id/86868-russia-st-petersburg-alt-ritter-mini-hotel
Acme on Rubinshteina mini hotel,https://tury.ru/hotel/id/86956-russia-st-petersburg-acme-on-rubinshteina-mini-hotel
Akme na Maloj Morskoj mini hotel,https://tury.ru/hotel/id/86958-russia-st-petersburg-akme-na-maloj-morskoj-mini-hotel
Schastlivyj Pushkin,https://tury.ru/hotel/id/86960-russia-st-petersburg-schastlivyy-pushkin-schastlivyj-pushkin
Russkaya Skazka mini hotel,https://tury.ru/hotel/id/86962-russia-st-petersburg-russkaya-skazka-russkaya-skazka
Pushka INN hotel 5*,https://tury.ru/hotel/id/86972-russia-st-petersburg-pushka-inn-pushka-inn
AleksandrInn mini hotel 3*,https://tury.ru/hotel/id/87046-russia-st-petersburg-aleksandrinn-mini-hotel
Nevskiy Club Mini Hotel,https://tury.ru/hotel/id/87047-russia-st-petersburg-nevskiy-klub-nevskij-klub
Nika mini hotel St. Petersburg,https://tury.ru/hotel/id/87142-russia-st-petersburg-nika-nika
Piter mini hotel 3*,https://tury.ru/hotel/id/87143-russia-st-petersburg-piter-piter
Svet Mayaka guest house,https://tury.ru/hotel/id/87153-russia-st-petersburg-svet-mayaka-guest-house
Golden Triangle Boutique Hotel 4*,https://tury.ru/hotel/id/87168-russia-st-petersburg-golden-triangle-boutique-hotel
Zlatoust Dom Voyekovoy 3*,https://tury.ru/hotel/id/87179-russia-st-petersburg-zlatoust-mini-hotel
Casa Leto hotel 4*,https://tury.ru/hotel/id/87183-russia-st-petersburg-casa-leto-hotel-4
Gavan mini hotel Saint-Petersburg 3*,https://tury.ru/hotel/id/87185-russia-st-petersburg-gavan-mini-hotel-saint-petersburg
Butterfly mini hotel 3*,https://tury.ru/hotel/id/87188-russia-st-petersburg-butterfly-mini-hotel
Silva hotel,https://tury.ru/hotel/id/87191-russia-st-petersburg-silva-silva
Respectale Mini Hotel 3*,https://tury.ru/hotel/id/87193-russia-st-petersburg-respektal-respectale
Severnaya MIni-Hotel 2*,https://tury.ru/hotel/id/87338-russia-st-petersburg-severnaya-severnaya
Mechta mini hotel St. Petersburg,https://tury.ru/hotel/id/87390-russia-st-petersburg-mechta-mechta
Anichkov mini hotel St. Petersburg 3*,https://tury.ru/hotel/id/87411-russia-st-petersburg-anichkov-mini-hotel-st-petersburg
Suvorov hotel 3*,https://tury.ru/hotel/id/87522-russia-st-petersburg-suvorov
Apple hostel St.Petersburg,https://tury.ru/hotel/id/87544-russia-st-petersburg-apple-hostel-st-petersburg
Noteburg mini hotel 3*,https://tury.ru/hotel/id/87558-russia-st-petersburg-noteburg-mini-hotel-3
BVH na Suvorovskom mini hotel,https://tury.ru/hotel/id/87560-russia-st-petersburg-bvh-na-suvorovskom-mini-hotel
Admiral Benbow hostel,https://tury.ru/hotel/id/87565-russia-st-petersburg-admiral-benbow-hostel
Sky Hotel 3*,https://tury.ru/hotel/id/88236-russia-st-petersburg-sky-hotel-3
EuroHostelSpb na Nevskom 22-24,https://tury.ru/hotel/id/88313-russia-st-petersburg-eurohostelspb-na-nevskom-22-24
EuroHostelSpb Nekrasova 60,https://tury.ru/hotel/id/88315-russia-st-petersburg-eurohostelspb-nekrasova-60
Na Nekrasova Mini Hotel,https://tury.ru/hotel/id/89833-russia-st-petersburg-na-nekrasova
Istoriya-Usadba mini hotel 3*,https://tury.ru/hotel/id/91549-russia-st-petersburg-istoriya-usadba-mini-hotel
Tavricheskaya Hotel 3*,https://tury.ru/hotel/id/91849-russia-st-petersburg-tavricheskaya-tavricheskaya
Obschezhitie Gostinichnogo tipa,https://tury.ru/hotel/id/92256-russia-st-petersburg-obschezhitie-gostinichnogo-tipa
Agni mini hotel,https://tury.ru/hotel/id/92710-russia-st-petersburg-agni-mini-hotel
Solo na Gorohovoj mini hotel,https://tury.ru/hotel/id/93609-russia-st-petersburg-solo-na-gorohovoj-mini-hotel
Solo РЅР° Р‘РѕР»СЊС€РѕРј (Solo na Bolshom),https://tury.ru/hotel/id/93610-russia-st-petersburg-solo-na-bolshom-solo-na-bolshom
Solo na Furshtatskoj mini hotel,https://tury.ru/hotel/id/93611-russia-st-petersburg-solo-na-furshtatskoj-mini-hotel
Ra hotel 2*,https://tury.ru/hotel/id/93615-russia-st-petersburg-ra-hotel-2
Renaissance St. Petersburg Baltic hotel 5*,https://tury.ru/hotel/id/93616-russia-st-petersburg-renaissance-st-petersburg-baltic-hotel-5
Repino Cronwell Park Hotel 4*,https://tury.ru/hotel/id/93744-russia-repino-spb-repino-cronwell-park
Zarya boarding house with treatment,https://tury.ru/hotel/id/93746-russia-repino-spb-zarya-boarding-house-with-treatment
Gelios hotel Saint-Petersburg 3*,https://tury.ru/hotel/id/93747-russia-zelenogorsk-gorod-gelios-hotel-saint-petersburg
Morskoi Vokzal hotel 3*,https://tury.ru/hotel/id/93829-russia-st-petersburg-morskoy-vokzal-3
Samson hotel 3*,https://tury.ru/hotel/id/93830-russia-st-petersburg-samson-hotel
Burevestnik hotel Repino 2*,https://tury.ru/hotel/id/93915-russia-repino-spb-burevestnik-hotel-repino-2
Baltiets boarding house 3*,https://tury.ru/hotel/id/93916-russia-kurortnyy-rayon-spb-baltiets-boarding-house
Planeta hotel,https://tury.ru/hotel/id/94144-russia-st-petersburg-planeta-planeta
Art-House Guest House 3*,https://tury.ru/hotel/id/94646-russia-st-petersburg-art-house-mini-hotel
SpbHostel,https://tury.ru/hotel/id/95163-russia-st-petersburg-spbhostel
Brigantina the hotel Academy Volleyball,https://tury.ru/hotel/id/95167-russia-st-petersburg-brigantina-the-hotel-academy-volleyball
Izmajlovskaya hotel,https://tury.ru/hotel/id/95169-russia-st-petersburg-izmaylovskaya-izmajlovskaya
Na Sapernom mini hotel,https://tury.ru/hotel/id/95957-russia-st-petersburg-na-sapernom-na-sapernom-eh-preobrazhenskaya
Comfitel U Ermitazha hotel 3*,https://tury.ru/hotel/id/96388-russia-st-petersburg-comfitel-u-ermitazha-hotel-3
"Oktyabrskaya hotel, St. Petersburg, Ligovsky prospect, 10 4*",https://tury.ru/hotel/id/96838-russia-st-petersburg-oktyabrskaya-korpus-oktyabrskiy-oktyabrskaya-4
Radisson Sonya Hotel 4*,https://tury.ru/hotel/id/96839-russia-st-petersburg-radisson-sonya-hotel-4
Cronwell Inn Stremyannaya hotel 4*,https://tury.ru/hotel/id/97051-russia-st-petersburg-cronwell-inn-stremyannaya-hotel-3
Graffiti hostel,https://tury.ru/hotel/id/97678-russia-st-petersburg-graffiti-hostel
Arina R mini hotel Saint-Petersburg,https://tury.ru/hotel/id/97693-russia-st-petersburg-arina-r-mini-hotel-saint-petersburg
Pekinskij Sad hotel 3*,https://tury.ru/hotel/id/98363-russia-st-petersburg-pekinskiy-sad-pekinskij-sad-3
Ligovskij 44 hotel 3*,https://tury.ru/hotel/id/98364-russia-st-petersburg-ligovskiy-44-ligovskij-44-3
Park Inn by Radisson Nevsky 4*,https://tury.ru/hotel/id/98366-russia-st-petersburg-park-inn-nevsky-hotel-4
Kapital hotel,https://tury.ru/hotel/id/98640-russia-st-petersburg-kapital-hotel
Moskovskij 6 hostel,https://tury.ru/hotel/id/98647-russia-st-petersburg-moskovskiy-6-moskovskij-6
Maribelle Mini Hotel 3*,https://tury.ru/hotel/id/98711-russia-st-petersburg-meribel-maribelle
Severnaya Rivera sanatorium 3*,https://tury.ru/hotel/id/99677-russia-zelenogorsk-gorod-severnaya-rivera
Hermes Park Hotel Saint-Petersburg 4*,https://tury.ru/hotel/id/99986-russia-st-petersburg-germes-park-hotel-saint-petersburg
Bridge Town mini hotel,https://tury.ru/hotel/id/100248-russia-st-petersburg-bridge-town-mini-hotel
Sweet mini hotel 1*,https://tury.ru/hotel/id/100250-russia-st-petersburg-sweet-mini-hotel
Bereg mini hotel St.Petersburg,https://tury.ru/hotel/id/100255-russia-st-petersburg-bereg-mini-hotel-st-petersburg
Aliot hotel 3*,https://tury.ru/hotel/id/100280-russia-st-petersburg-aliot-hotel-3
M-hotel St. Petersburg 3*,https://tury.ru/hotel/id/100281-russia-st-petersburg-m-otel-m-otel-3
TOAZ hotel 3*,https://tury.ru/hotel/id/100282-russia-st-petersburg-toaz-toaz-3
Rinaldi u Letnego sada hotel 3*,https://tury.ru/hotel/id/100360-russia-st-petersburg-rinaldi-u-letnego-sada-hotel-3
Comfort na Chehova mini hotel 3*,https://tury.ru/hotel/id/100651-russia-st-petersburg-comfort-na-chehova-mini-hotel
Planeta Piter hostel 5*,https://tury.ru/hotel/id/101241-russia-st-petersburg-planeta-piter
A Liva mini hotel,https://tury.ru/hotel/id/101267-russia-st-petersburg-a-liva-mini-hotel
Turist Hotel 3*,https://tury.ru/hotel/id/101464-russia-st-petersburg-turist-hotel-3
Aston hotel St.Petersburg 4*,https://tury.ru/hotel/id/101479-russia-st-petersburg-aston-hotel-st-petersburg-4
Posadskii Dvor mini hotel 4*,https://tury.ru/hotel/id/103115-russia-st-petersburg-posadskiy-dvor
Esplanada hotel 2*,https://tury.ru/hotel/id/103926-russia-st-petersburg-esplanada-hotel-2
Izhora hotel 5*,https://tury.ru/hotel/id/104507-russia-st-petersburg-izhora-hotel
Staryi Zamok health complex 3*,https://tury.ru/hotel/id/104992-russia-pushkin-gorod-staryy-zamok
Park Hotel,https://tury.ru/hotel/id/106116-russia-st-petersburg-otel-park-hotel-park
Staraya Melnitsa complex,https://tury.ru/hotel/id/106542-russia-st-petersburg-staraya-melnica-staraya-melnitsa
Dom Benua hotel,https://tury.ru/hotel/id/106804-russia-st-petersburg-dom-benua-hotel
Retour motel,https://tury.ru/hotel/id/106848-russia-st-petersburg-retur-retour
Vostok-6 holiday house,https://tury.ru/hotel/id/107337-russia-smolyachkovo-vostok-6-holiday-house
Rinaldi na Petrogradskoj mini hotel 3*,https://tury.ru/hotel/id/107490-russia-st-petersburg-rinaldi-na-petrogradskoj-mini-hotel
Rinaldi u Petropavlovskoj mini hotel 2*,https://tury.ru/hotel/id/107491-russia-st-petersburg-rinaldi-u-petropavlovskoj-mini-hotel
Rinaldi na Vasiljevskom mini hotel 3*,https://tury.ru/hotel/id/107492-russia-st-petersburg-rinaldi-na-vasiljevskom-mini-hotel
Smolninskaya Hotel 4*,https://tury.ru/hotel/id/108390-russia-st-petersburg-smolninskaya-smolninskaya-4
Alena hotel Saint Petersburg,https://tury.ru/hotel/id/108595-russia-st-petersburg-alena-hotel-saint-petersburg
Kronverqsqaia Hotel,https://tury.ru/hotel/id/108624-russia-st-petersburg-kronverkskaya
Rahmaninov hotel 3*,https://tury.ru/hotel/id/126244-russia-st-petersburg-rahmaninov-hotel
All Seasons hostel 4*,https://tury.ru/hotel/id/126897-russia-st-petersburg-all-seasons-hostel
Niva-SV hotel 3*,https://tury.ru/hotel/id/126899-russia-st-petersburg-niva-sv
White Nights Medical Spa St. Petersburg 5*,https://tury.ru/hotel/id/133033-russia-sestroreck-gorod-belye-nochi-health-resort-st-petersburg
Petrodvorec sanatorium,https://tury.ru/hotel/id/133037-russia-st-petersburg-petrodvorec
Kasablanka country clab,https://tury.ru/hotel/id/134122-russia-repino-spb-kasablanka
Terijoki country club 4*,https://tury.ru/hotel/id/134125-russia-zelenogorsk-gorod-teriyoki
Chernaya Rechka sanatorium,https://tury.ru/hotel/id/151587-russia-molodezhnoe-chernaya-rechka-sanatorium
Piterskii Dvorik hostel,https://tury.ru/hotel/id/154482-russia-st-petersburg-piterskiy-dvorik
Layner tourist complex,https://tury.ru/hotel/id/272601-russia-komarovo-layner
Domik u prichala hotel 3*,https://tury.ru/hotel/id/272706-russia-lomonosov-gorod-domik-u-prichala-hotel-3
Grand Peterhof Spa Hotel 4*,https://tury.ru/hotel/id/272851-russia-petergof-gorod-grand-peterhof-spa-hotel-4
New Peterhof Hotel 4*,https://tury.ru/hotel/id/272852-russia-petergof-gorod-novyy-petergof-4
Pushkin park hotel,https://tury.ru/hotel/id/272872-russia-st-petersburg-pushkin-park
Voyage hotel,https://tury.ru/hotel/id/272879-russia-st-petersburg-voyage-hotel
Friedental mini hotel 3*,https://tury.ru/hotel/id/272880-russia-pushkin-gorod-friedental-mini-hotel
Katharina Hof Hotel 3*,https://tury.ru/hotel/id/272881-russia-pushkin-gorod-katharina-hof-hotel-3
Potemkin Park Hotel 3*,https://tury.ru/hotel/id/272882-russia-pushkin-gorod-potemkin
ForRestMix country club,https://tury.ru/hotel/id/272896-russia-repino-spb-forrestmix-country-club
Kempinski Hotel Moika 22 5*,https://tury.ru/hotel/id/272960-russia-st-petersburg-kempinski-hotel-moika-22-5
Taleon Imperial Hotel 5*,https://tury.ru/hotel/id/272963-russia-st-petersburg-talion-imperial-otel-5
W St.Petersburg hotel 5*,https://tury.ru/hotel/id/272964-russia-st-petersburg-w-st-petersburg-hotel-5
Courtyard by Marriott St. Petersburg Pushkin hotel 4*,https://tury.ru/hotel/id/272970-russia-st-petersburg-courtyard-st-petersburg-center-west-pushkin-hotel-4
Crowne Plaza St. Petersburg-Ligovsky hotel 4*,https://tury.ru/hotel/id/272971-russia-st-petersburg-crowne-plaza-st-petersburg-ligovsky-hotel-4
Crowne Plaza St.Petersburg Airport hotel 4*,https://tury.ru/hotel/id/272972-russia-st-petersburg-crowne-plaza-st-petersburg-airport-hotel-4
Egoist mini hotel Saint-Petersburg 4*,https://tury.ru/hotel/id/272973-russia-st-petersburg-egoist-mini-hotel-saint-petersburg
Martin Hotel 4*,https://tury.ru/hotel/id/272984-russia-st-petersburg-martin-4
Premiera hotel St. Petersburg 4*,https://tury.ru/hotel/id/272995-russia-st-petersburg-premiera-hotel-st-petersburg
Roses mini hotel,https://tury.ru/hotel/id/272997-russia-st-petersburg-roses-mini-hotel
Rossi Hotel and SPA 4*,https://tury.ru/hotel/id/272998-russia-st-petersburg-rossi-hotel-and-spa-4
Royal Antares hotel 4*,https://tury.ru/hotel/id/272999-russia-st-petersburg-royal-antares-4
Staybridge Suites St. Petersburg hotel 4*,https://tury.ru/hotel/id/273003-russia-st-petersburg-staybridge-suites-st-petersburg-hotel-4
Traditsiya hotel,https://tury.ru/hotel/id/273004-russia-st-petersburg-traditsiya-hotel
Altburg on Grecheskom hotel 3*,https://tury.ru/hotel/id/273019-russia-st-petersburg-altburg-on-grecheskom-hotel-3
Altburg on Vasilyevsky hotel 3*,https://tury.ru/hotel/id/273020-russia-st-petersburg-altburg-on-vasilyevsky-hotel-3
Amulet on Malaya Morskaya mini hotel 3*,https://tury.ru/hotel/id/273024-russia-st-petersburg-amulet-on-malaya-morskaya-mini-hotel
Amulet on Bolshoy prospect mini hotel 4*,https://tury.ru/hotel/id/273025-russia-st-petersburg-amulet-on-bolshoy-prospect-mini-hotel
Anturage hotel Saint Petersburg 3*,https://tury.ru/hotel/id/273030-russia-st-petersburg-anturage-hotel-saint-petersburg-3
Forte Inn hotel 3*,https://tury.ru/hotel/id/273036-russia-st-petersburg-forte-inn-hotel-3
ATMOSPHERA na Bolshom 3 mini-hotel 3*,https://tury.ru/hotel/id/273037-russia-st-petersburg-atmosphera-na-bolshom-3-mini-hotel
ATMOSPHERA na Bolshom 32 mini hotel,https://tury.ru/hotel/id/273038-russia-st-petersburg-atmosphera-na-bolshom-32-mini-hotel
ATMOSPHERA na Bolshom 70 mini hotel,https://tury.ru/hotel/id/273039-russia-st-petersburg-atmosphera-na-bolshom-70-mini-hotel
ATMOSPHERA na Kamennoostrovskom 43 mini hotel 2*,https://tury.ru/hotel/id/273040-russia-st-petersburg-atmosphera-na-kamennoostrovskom-43-mini-hotel
ATMOSPHERA na Marata 10 mini-hotel 2*,https://tury.ru/hotel/id/273041-russia-st-petersburg-atmosphera-na-marata-10-mini-hotel
ATMOSPHERA na Nevskom 132 mini hotel 3*,https://tury.ru/hotel/id/273042-russia-st-petersburg-atmosphera-na-nevskom-132-mini-hotel
ATMOSPHERA na Nevskom 163 mini hotel,https://tury.ru/hotel/id/273043-russia-st-petersburg-atmosphera-na-nevskom-163-mini-hotel
ATMOSPHERA na Spasskom 11 mini hotel 4*,https://tury.ru/hotel/id/273044-russia-st-petersburg-atmosphera-na-spasskom-11-mini-hotel
Atmosphere-style mini hotel,https://tury.ru/hotel/id/273045-russia-st-petersburg-atmosphere-style-mini-hotel
Ave Caesar at Bolshaya Konyushennaya 3*,https://tury.ru/hotel/id/273048-russia-st-petersburg-ave-caesar-at-bolshaya-konyushennaya
Ave Caesar on Pushkinskaya mini-hotel 3*,https://tury.ru/hotel/id/273049-russia-st-petersburg-ave-caesar-on-pushkinskaya-mini-hotel
Kolumb hotel,https://tury.ru/hotel/id/273061-russia-st-petersburg-kolumb-hotel
Deluxe hotel 3*,https://tury.ru/hotel/id/273068-russia-st-petersburg-deluxe-hotel-3
Dom Vyazemskoi mini hotel 3*,https://tury.ru/hotel/id/273070-russia-st-petersburg-dom-vyazemskoi-mini-hotel
Filippov na Nevskiy hotel 3*,https://tury.ru/hotel/id/273076-russia-st-petersburg-filippov-na-nevskiy-hotel
Zolotoi lev mini hotel,https://tury.ru/hotel/id/273079-russia-st-petersburg-zolotoi-lev-mini-hotel
Green Apple mini hotel 3*,https://tury.ru/hotel/id/273080-russia-st-petersburg-green-apple-mini-hotel
Iskra mini hotel St. Petersburg 3*,https://tury.ru/hotel/id/273087-russia-st-petersburg-iskra-mini-hotel-st-petersburg
Katyusha guest house 3*,https://tury.ru/hotel/id/273091-russia-st-petersburg-katyusha
Le Vashoff hotel 3*,https://tury.ru/hotel/id/273097-russia-st-petersburg-le-vashoff-hotel-3
Magiya Peterburga Mini Hotel,https://tury.ru/hotel/id/273102-russia-st-petersburg-magiya-peterburga
Mark Inn hotel 3*,https://tury.ru/hotel/id/273103-russia-st-petersburg-mark-inn-3
Marshal Hotel 3*,https://tury.ru/hotel/id/273104-russia-st-petersburg-marshal
MDK Hotel 3*,https://tury.ru/hotel/id/273106-russia-st-petersburg-mdk
Nevsky 3 Guest House 3*,https://tury.ru/hotel/id/273109-russia-st-petersburg-nevskiy-3
Nevsky Contour Hotel 3*,https://tury.ru/hotel/id/273112-russia-st-petersburg-nevsky-contour-hotel-3
Severnyi Svet mini hotel 3*,https://tury.ru/hotel/id/273118-russia-st-petersburg-severnyy-svet
Ofizersky Poludomik 3*,https://tury.ru/hotel/id/273123-russia-st-petersburg-oficerskiy-poludomik
Zhemchuzhina mini hotel Saint Petersburg,https://tury.ru/hotel/id/273129-russia-st-petersburg-zhemchuzhina-mini-hotel-saint-petersburg
Peterville mini hotel,https://tury.ru/hotel/id/273130-russia-st-petersburg-peterville-mini-hotel
Petrovskii Dvor mini hotel 3*,https://tury.ru/hotel/id/273132-russia-st-petersburg-petrovskiy-dvor
Polikoff Mini Hotel,https://tury.ru/hotel/id/273135-russia-st-petersburg-polikoff
Prestige mini hotel St.Petersburg 4*,https://tury.ru/hotel/id/273138-russia-st-petersburg-prestige-mini-hotel-st-petersburg
Prestizh na Vasilevskom mini hotel,https://tury.ru/hotel/id/273139-russia-st-petersburg-prestizh-na-vasilevskom
Pushkinskaya 10 mini hotel,https://tury.ru/hotel/id/273142-russia-st-petersburg-pushkinskaya-10
RA Tambovskaya 11 hotel,https://tury.ru/hotel/id/273143-russia-st-petersburg-ra-tambovskaya-11
Red Stars Hotel 4*,https://tury.ru/hotel/id/273144-russia-st-petersburg-red-stars-hotel-3
Rinaldi Art hotel 3*,https://tury.ru/hotel/id/273149-russia-st-petersburg-rinaldi-art-hotel-3
Rinaldi at Grechesky Prospect hotel 3*,https://tury.ru/hotel/id/273151-russia-st-petersburg-rinaldi-at-grechesky-prospect-hotel-3
Rinaldi at Moscovsky prospect 18 hotel 3*,https://tury.ru/hotel/id/273152-russia-st-petersburg-rinaldi-at-moscovsky-prospect-18-hotel-3
Rinaldi Poetic hotel 3*,https://tury.ru/hotel/id/273159-russia-st-petersburg-rinaldi-poetic-hotel-3
Rinaldi Premier hotel 3*,https://tury.ru/hotel/id/273160-russia-st-petersburg-rinaldi-premier-hotel-3
Rubinshteina 5 mini hotel 3*,https://tury.ru/hotel/id/273162-russia-st-petersburg-rubinshteyna-5
Severnyi Modern hotel,https://tury.ru/hotel/id/273165-russia-st-petersburg-severnyy-modern
Na Konnoy Hotel,https://tury.ru/hotel/id/273166-russia-st-petersburg-na-konnoy
Shuvaloff mini hotel Pargolovo,https://tury.ru/hotel/id/273168-russia-st-petersburg-shuvaloff-mini-hotel-pargolovo
Serebryanyj vek mini hotel,https://tury.ru/hotel/id/273169-russia-st-petersburg-serebryanyj-vek-mini-hotel
SpbVergaz Hotel 3*,https://tury.ru/hotel/id/273174-russia-st-petersburg-spbvergaz-3
Statskii Sovetnik mini hotel 3*,https://tury.ru/hotel/id/273177-russia-st-petersburg-statskiy-sovetnik
Vasilevsky Ostrov mini hotel 3*,https://tury.ru/hotel/id/273188-russia-st-petersburg-vasilevsky-ostrov-mini-hotel
Vernisage Hotel 3*,https://tury.ru/hotel/id/273190-russia-st-petersburg-vernisage-hotel-3
Vintage hotel Saint Petersburg 3*,https://tury.ru/hotel/id/273192-russia-st-petersburg-vintage-hotel-saint-petersburg-3
Dvory Capelly Hotel,https://tury.ru/hotel/id/273194-russia-st-petersburg-dvory-kapelly
Acme on Sadovoi 11 hostel,https://tury.ru/hotel/id/273196-russia-st-petersburg-acme-on-sadovoi-11-hostel
Admiral Kolchak mini-hotel,https://tury.ru/hotel/id/273198-russia-st-petersburg-admiral-kolchak-mini-hotel
Iskra hotel St. Petersburg 2*,https://tury.ru/hotel/id/273201-russia-st-petersburg-iskra-hotel-st-petersburg-2
Labirint hostel,https://tury.ru/hotel/id/273202-russia-st-petersburg-labirint
Perspektiva mini hotel,https://tury.ru/hotel/id/273204-russia-st-petersburg-pershpektiva
Prima Sport hostel 3*,https://tury.ru/hotel/id/273206-russia-st-petersburg-prima-sport
Isaakievskii mini hotel 2*,https://tury.ru/hotel/id/273209-russia-st-petersburg-isaakievskiy
Welcome Female Hostel,https://tury.ru/hotel/id/273210-russia-st-petersburg-welcome-female-hostel
Welcome Hostel,https://tury.ru/hotel/id/273211-russia-st-petersburg-welcome-hostel
Vellbin mini hotel,https://tury.ru/hotel/id/273212-russia-st-petersburg-vellbin-mini-hotel
Dom Perzova Hotel 4*,https://tury.ru/hotel/id/273214-russia-st-petersburg-dom-percova
5 vecherov na Kamennoostrovskom mini hotel,https://tury.ru/hotel/id/273215-russia-st-petersburg-5-vecherov-na-kamennoostrovskom-mini-hotel
Activ Hostel 1*,https://tury.ru/hotel/id/273219-russia-st-petersburg-activ-hostel
Airport hotel St. Petersburg,https://tury.ru/hotel/id/273220-russia-st-petersburg-airport-hotel-st-petersburg
Akdeniz hostel,https://tury.ru/hotel/id/273221-russia-st-petersburg-akdeniz-hostel
Amitie mini hotel,https://tury.ru/hotel/id/273224-russia-st-petersburg-amitie-mini-hotel
Aprel mini hotel 2*,https://tury.ru/hotel/id/273229-russia-st-petersburg-aprel-mini-hotel
U Lvinogo mosta mini hotel,https://tury.ru/hotel/id/273231-russia-st-petersburg-u-lvinogo-mosta-mini-hotel
Avantage hostel,https://tury.ru/hotel/id/273232-russia-st-petersburg-avantage-hostel
Ave Caesar at Nevsky mini-hotel,https://tury.ru/hotel/id/273233-russia-st-petersburg-ave-caesar-at-nevsky-mini-hotel
B&B Petrogradskiy hostel,https://tury.ru/hotel/id/273236-russia-st-petersburg-b-amp-b-petrogradskiy-hostel
Babushka House mini hotel,https://tury.ru/hotel/id/273237-russia-st-petersburg-babushka-house-mini-hotel
Baby Lemonade hostel,https://tury.ru/hotel/id/273238-russia-st-petersburg-baby-lemonade-hostel
Baryshkoff mini hotel,https://tury.ru/hotel/id/273239-russia-st-petersburg-baryshkoff-mini-hotel
BEDANDBIKE HOSTEL,https://tury.ru/hotel/id/273240-russia-st-petersburg-bedandbike-hostel
Bliss hostel St. Petersburg 3*,https://tury.ru/hotel/id/273243-russia-st-petersburg-bliss-hostel-st-petersburg
Bolshoy 19 mini hotel 1*,https://tury.ru/hotel/id/273244-russia-st-petersburg-bolshoy-19-mini-hotel
Canny House mini hotel,https://tury.ru/hotel/id/273246-russia-st-petersburg-canny-house-mini-hotel
Center Hostel na Rubinsteina 3*,https://tury.ru/hotel/id/273248-russia-st-petersburg-center-hostel-na-rubinsteina
Cuba hostel,https://tury.ru/hotel/id/273251-russia-st-petersburg-cuba-hostel
Demetra Art hotel 4*,https://tury.ru/hotel/id/273252-russia-st-petersburg-demetra-art-hotel-4
Diva hostel,https://tury.ru/hotel/id/273253-russia-st-petersburg-diva-hostel
El Rooms mini hotel,https://tury.ru/hotel/id/273254-russia-st-petersburg-el-rooms-mini-hotel
First hostel,https://tury.ru/hotel/id/273255-russia-st-petersburg-first-hostel
Fredericks mini hotel,https://tury.ru/hotel/id/273256-russia-st-petersburg-fredericks-mini-hotel
Gorokhovaya 46 mini hotel,https://tury.ru/hotel/id/273257-russia-st-petersburg-gorokhovaya-46-mini-hotel
Grand Mark mini hotel,https://tury.ru/hotel/id/273259-russia-st-petersburg-grand-mark-mini-hotel
on Marata Guest House,https://tury.ru/hotel/id/273261-russia-st-petersburg-guest-house-on-marata
Happy Place hostel,https://tury.ru/hotel/id/273262-russia-st-petersburg-happy-place-hostel
365 Spb Hostel,https://tury.ru/hotel/id/273263-russia-st-petersburg-365-spb-hostel
Grecheskii 15 hostel,https://tury.ru/hotel/id/273264-russia-st-petersburg-grecheskii-15-hostel
Life Hostel St. Petersburg,https://tury.ru/hotel/id/273266-russia-st-petersburg-life-hostel-st-petersburg
Sonett u Nevy hostel,https://tury.ru/hotel/id/273267-russia-st-petersburg-sonett-u-nevy
Sonnet Regata hostel,https://tury.ru/hotel/id/273268-russia-st-petersburg-sonett-regata
Korona guest house St.Petersburg,https://tury.ru/hotel/id/273270-russia-st-petersburg-korona-guest-house-st-petersburg
Kot Matroskinn na Orlovskom hostel,https://tury.ru/hotel/id/273271-russia-st-petersburg-kot-matroskinn-na-orlovskom-hostel
Lanselot Mini Hotel 2*,https://tury.ru/hotel/id/273272-russia-st-petersburg-lanselot
Ligovskii Dvorik mini hotel,https://tury.ru/hotel/id/273273-russia-st-petersburg-ligovskiy-dvorik
Lime hostel Saint-Petersburg,https://tury.ru/hotel/id/273274-russia-st-petersburg-lime-hostel-saint-petersburg
Olimp Mini Hotel Saint Petersburg,https://tury.ru/hotel/id/273275-russia-st-petersburg-olimp
Melanzh Mini-Hotel,https://tury.ru/hotel/id/273278-russia-st-petersburg-melanzh
Metrotur hostel,https://tury.ru/hotel/id/273279-russia-st-petersburg-metrotur
Osobnyak Voennogo Ministra 2*,https://tury.ru/hotel/id/273280-russia-st-petersburg-osobnyak-voennogo-ministra
Kvartira 5 mini hotel 2*,https://tury.ru/hotel/id/273283-russia-st-petersburg-kvartira-5
Sonnet mini hotel,https://tury.ru/hotel/id/273285-russia-st-petersburg-sonett
Mir hostel,https://tury.ru/hotel/id/273286-russia-st-petersburg-mir
Missis Hadson hotel,https://tury.ru/hotel/id/273287-russia-st-petersburg-missis-hadson
Na Muchnom hotel,https://tury.ru/hotel/id/273288-russia-st-petersburg-na-muchnom-hotel
Nevskiy 98 Mini Hotel,https://tury.ru/hotel/id/273291-russia-st-petersburg-nevskiy-98
Nevskii 74 mini hotel,https://tury.ru/hotel/id/273294-russia-st-petersburg-nevskiy-74
Nevsky Inn-1 mini hotel,https://tury.ru/hotel/id/273297-russia-st-petersburg-nevsky-inn-1-mini-hotel
Nord House mini hotel,https://tury.ru/hotel/id/273299-russia-st-petersburg-nord-house-mini-hotel
Staryi Peterburg hostel,https://tury.ru/hotel/id/273302-russia-st-petersburg-staryy-peterburg
Online Hostel,https://tury.ru/hotel/id/273303-russia-st-petersburg-online-hostel
Ostrovok 3*,https://tury.ru/hotel/id/273305-russia-st-petersburg-ostrovok
Leto hotel,https://tury.ru/hotel/id/273306-russia-st-petersburg-leto
Party Train hostel,https://tury.ru/hotel/id/273307-russia-st-petersburg-party-train-hostel
Prtrovskaya Pristan hotel,https://tury.ru/hotel/id/273309-russia-st-petersburg-petrovskaya-pristan
Piterskaya hotel,https://tury.ru/hotel/id/273312-russia-st-petersburg-piterskaya
RA Hotel Kuznechnyi 19 3*,https://tury.ru/hotel/id/273315-russia-st-petersburg-ra-kuznechnyy-19
RA Ligovskii 87 hotel,https://tury.ru/hotel/id/273316-russia-st-petersburg-ra-ligovskiy-87
RA Nevskii 102,https://tury.ru/hotel/id/273317-russia-st-petersburg-ra-nevskiy-102
RA Nevskii 44 hotel,https://tury.ru/hotel/id/273318-russia-st-petersburg-ra-nevskiy-44
Randhouse Morskaya hotel,https://tury.ru/hotel/id/273319-russia-st-petersburg-randhouse-morskaya-hotel
Raznochinnyi Peterburg hostel,https://tury.ru/hotel/id/273320-russia-st-petersburg-raznochinnyy-peterburg
Russkie Vityazi mini hotel,https://tury.ru/hotel/id/273321-russia-st-petersburg-russkie-vityazi
Samsonov mini hotel u Ermitazha,https://tury.ru/hotel/id/273322-russia-st-petersburg-samsonov-otel-u-ermitazha
Samsonov mini hotel na Goncharnoi,https://tury.ru/hotel/id/273323-russia-st-petersburg-samsonov-otel-na-goncharnoy
Samsonov mini hotel Adazhio na Nevskom,https://tury.ru/hotel/id/273324-russia-st-petersburg-samsonov-otel-adazhio-na-nevskom
Solo na Yakubovicha mini hotel,https://tury.ru/hotel/id/273326-russia-st-petersburg-solo-na-yakubovicha
StayOK hostel,https://tury.ru/hotel/id/273329-russia-st-petersburg-stayok-hostel
Sunny Hostel,https://tury.ru/hotel/id/273330-russia-st-petersburg-sunny-hostel
SSHostel - Na Nekrasova 8 - CLOSED,https://tury.ru/hotel/id/273331-russia-st-petersburg-sshostel---na-nekrasova-8---closed
SSHostel - Nevsky 130,https://tury.ru/hotel/id/273332-russia-st-petersburg-sshostel---nevsky-130
Super Hostel On Pushkinskaya 14,https://tury.ru/hotel/id/273333-russia-st-petersburg-super-hostel---pushkinskaya-14
Swiss Hostel 1*,https://tury.ru/hotel/id/273334-russia-st-petersburg-swiss-hostel
Taburet na Mayakovskoi hostel,https://tury.ru/hotel/id/273335-russia-st-petersburg-taburet-na-mayakovskoy
Tolstoi hostel,https://tury.ru/hotel/id/273337-russia-st-petersburg-tolstoy
Veronika hotel St. Petersburg,https://tury.ru/hotel/id/273340-russia-st-petersburg-veronika-hotel-st-petersburg
V gostah Bubera guest house,https://tury.ru/hotel/id/273341-russia-st-petersburg-v-gostah-bubera-guest-house
Vladimirskii 2 mini hotel,https://tury.ru/hotel/id/273342-russia-st-petersburg-vladimirskii-2-mini-hotel
Vladimir 1 hotel,https://tury.ru/hotel/id/273343-russia-st-petersburg-vladimir-1-hotel
Yes hostel,https://tury.ru/hotel/id/273344-russia-st-petersburg-yes-hostel
Ulana na Furshtatskoi mini hotel,https://tury.ru/hotel/id/273346-russia-st-petersburg-ulana-na-furshtatskoi-mini-hotel
Ulana na Nevskom mini hotel,https://tury.ru/hotel/id/273347-russia-st-petersburg-ulana-na-nevskom-mini-hotel
Ulana na Orlovskom mini hotel,https://tury.ru/hotel/id/273348-russia-st-petersburg-ulana-na-orlovskom-mini-hotel
Zapovednik mini hotel,https://tury.ru/hotel/id/273349-russia-st-petersburg-zapovednik-mini-hotel
Nessi Hotel 4*,https://tury.ru/hotel/id/273367-russia-sestroreck-gorod-nessi-4
Skandinaviya hotel 4*,https://tury.ru/hotel/id/273368-russia-sestroreck-gorod-skandinaviya-4
Veksel mini hotel,https://tury.ru/hotel/id/275047-russia-st-petersburg-veksel-mini-hotel
Не указано,https://tury.ru/hotel/?cn=0&ct=332855&ht=0&ad=2&ch=0&dt_f=2025-02-08&dt_t=2025-04-10&s=0#
Atrium Palace Hotel 5*,https://tury.ru/hotel/id/78280-russia-ekaterinburg-municipalnoe-obrazovanie-atrium-palace-hotel-5
Visavi the entertainment complex of Ekaterinburg,https://tury.ru/hotel/id/78297-russia-yekaterinburg-visavi-the-entertainment-complex-of-ekaterinburg
Grand Avenue Hotel 3*,https://tury.ru/hotel/id/79967-russia-ekaterinburg-municipalnoe-obrazovanie-grand-avenyu-hotel-3
AVS Hotel 2*,https://tury.ru/hotel/id/80023-russia-ekaterinburg-municipalnoe-obrazovanie-avs-hotel-2
Antey hotel Ekaterinburg 3*,https://tury.ru/hotel/id/80052-russia-ekaterinburg-municipalnoe-obrazovanie-antey-hotel-ekaterinburg-3
Onezhsky Hotel 3*,https://tury.ru/hotel/id/80059-russia-ekaterinburg-municipalnoe-obrazovanie-onezhskiy-onejskiy
Atlaza City Rezidens hotel 4*,https://tury.ru/hotel/id/272397-russia-ekaterinburg-municipalnoe-obrazovanie-atlaza-city-rezidens-hotel-4
Richmond Hotel 4*,https://tury.ru/hotel/id/272406-russia-yekaterinburg-richmond-4
Aleksandrovsky Park hotel Ekaterinburg 3*,https://tury.ru/hotel/id/272410-russia-ekaterinburg-municipalnoe-obrazovanie-aleksandrovsky-park-hotel-ekaterinburg-3
Pastel hotel 3*,https://tury.ru/hotel/id/272412-russia-yekaterinburg-pastel-3
4 Sezona hotel Ekaterinburg 3*,https://tury.ru/hotel/id/272414-russia-ekaterinburg-municipalnoe-obrazovanie-chetyre-sezona-hotel-ekaterinburg-3
Marins Park Hotel 3*,https://tury.ru/hotel/id/272427-russia-yekaterinburg-marins-park-otel-ekaterinburg-3
Parus hotel Ekaterinburg 3*,https://tury.ru/hotel/id/272429-russia-yekaterinburg-parus-3
Kristall hotel Ekaterinburg,https://tury.ru/hotel/id/272440-russia-yekaterinburg-kristall-hotel-ekaterinburg
Verona hotel Yekaterinburg,https://tury.ru/hotel/id/272446-russia-yekaterinburg-verona-hotel-yekaterinburg
Proteks-hotel 3*,https://tury.ru/hotel/id/599714-russia-yekaterinburg-proteks-hotel-3
Bolshoy Ural hotel 2*,https://tury.ru/hotel/id/688008-russia-yekaterinburg-bolshoy-ural-hotel-2
A Elita hotel Yekaterinburg 2*,https://tury.ru/hotel/id/725844-russia-yekaterinburg-a-elita-hotel-2
Allis hall on Malysheva hostel 3*,https://tury.ru/hotel/id/725846-russia-yekaterinburg-allis-hall-on-malysheva-hostel
Visit hotel Ekaterinburg,https://tury.ru/hotel/id/725855-russia-yekaterinburg-visit-hotel-ekaterinburg
Panorama hotel 4*,https://tury.ru/hotel/id/725875-russia-yekaterinburg-panorama-4
Pale Royal hotel 4*,https://tury.ru/hotel/id/762728-russia-yekaterinburg-pale-royal-hotel
Ramada Ekaterinburg Hotel & Spa 5*,https://tury.ru/hotel/id/796026-russia-yekaterinburg-ramada-ekaterinburg-hotel-spa-5
Vysotsky Hotel 4*,https://tury.ru/hotel/id/796027-russia-yekaterinburg-vysotsky-hotel-4
DoubleTree by Hilton Ekaterinburg City Centre 4*,https://tury.ru/hotel/id/796030-russia-yekaterinburg-doubletree-by-hilton-ekaterinburg-city-centre-4
Grand Hall Hotel 4*,https://tury.ru/hotel/id/796031-russia-yekaterinburg-grand-hall-hotel-4
Novotel Ekaterinburg Center 3*,https://tury.ru/hotel/id/796033-russia-yekaterinburg-novotel-ekaterinburg-center-3
Renomme Hotel 3*,https://tury.ru/hotel/id/796038-russia-yekaterinburg-hotel-renomme-3
Soldi 3*,https://tury.ru/hotel/id/796040-russia-yekaterinburg-soldi-3
Ural Hotel 4*,https://tury.ru/hotel/id/796041-russia-yekaterinburg-ural-hotel-4
Vizit Hotel 4*,https://tury.ru/hotel/id/796042-russia-yekaterinburg-vizit-hotel-4
Voznesensky Hotel 5*,https://tury.ru/hotel/id/796043-russia-yekaterinburg-voznesensky-hotel-5
August Hotel 4*,https://tury.ru/hotel/id/796047-russia-yekaterinburg-august-hotel-4
,https://tury.ru/hotel/id/796048-russia-yekaterinburg-boutique-hotel-pastel-4
Alexandria on Uchitiley Street 3*,https://tury.ru/hotel/id/796092-russia-yekaterinburg-alexandria-on-uchitiley-street-3
Alexandria on Uralskaya Street hotel 3*,https://tury.ru/hotel/id/796093-russia-yekaterinburg-alexandria-on-uralskaya-street-3
Allis Hotel 4*,https://tury.ru/hotel/id/796095-russia-yekaterinburg-allishotel-4
Amigo Hotel 3*,https://tury.ru/hotel/id/796099-russia-yekaterinburg-amigo-hotel-3
Apartment Chelyuskintsev 29,https://tury.ru/hotel/id/796127-russia-yekaterinburg-apartment-chelyuskintsev-29-3
Apartment HomeHotel na Belinskogo,https://tury.ru/hotel/id/796134-russia-yekaterinburg-apartment-homehotel-na-belinskogo-3
Apartment HomeHotel na Soyuznoy 2,https://tury.ru/hotel/id/796135-russia-yekaterinburg-apartment-homehotel-na-soyuznoy-2-4
Apartment Robinzon,https://tury.ru/hotel/id/796235-russia-yekaterinburg-apartment-robinzon-3
Apartments HomeHotel na Shorsa,https://tury.ru/hotel/id/796280-russia-yekaterinburg-apartments-homehotel-na-shorsa-3
Apartments Room96 On Shchorsa 94,https://tury.ru/hotel/id/796327-russia-yekaterinburg-apartments-room96-on-shchorsa-94-3
Apartments On 8 Marta,https://tury.ru/hotel/id/796339-russia-yekaterinburg-apatrtments-on-8-marta-3
Art Hostel Green Grove 3*,https://tury.ru/hotel/id/796341-russia-yekaterinburg-art-hostel-green-grove-3
Art Hostel on Lenina Street 3*,https://tury.ru/hotel/id/796342-russia-yekaterinburg-art-hostel-on-lenina-street-3
Atlas Hotel 4*,https://tury.ru/hotel/id/796343-russia-yekaterinburg-hotel-atlas-4
Atomstroykomplex Hotel 3*,https://tury.ru/hotel/id/796344-russia-yekaterinburg-hotel-atomstroykomplex-3
Aurora Hostel at 8 Marta 3*,https://tury.ru/hotel/id/796345-russia-yekaterinburg-aurora-hostel-at-8-marta-3
Aurora Hostels on Lenina 3*,https://tury.ru/hotel/id/796346-russia-yekaterinburg-aurora-hostels-on-lenina-3
Aurora Hostels Railway station 3*,https://tury.ru/hotel/id/796347-russia-yekaterinburg-aurora-hostels-railway-station-3
Aurora Mini-Hotel at Vaynera 4*,https://tury.ru/hotel/id/796348-russia-yekaterinburg-aurora-mini-hotel-at-vaynera-4
B&B Hostel na 8 Marta 7 4*,https://tury.ru/hotel/id/796349-russia-yekaterinburg-b-b-hostel-na-8-marta-7-4
B&B Hostel na Pushkina 2a 3*,https://tury.ru/hotel/id/796350-russia-yekaterinburg-b-b-hostel-na-pushkina-2a-3
B&B Hostel on Lenina 36 3*,https://tury.ru/hotel/id/796351-russia-yekaterinburg-b-b-hostel-on-lenina-36-3
Bolshie Podushki hostel 3*,https://tury.ru/hotel/id/796355-russia-yekaterinburg-bolshie-podushki-3
Vokrug Sveta Boutiqe Hostel 3*,https://tury.ru/hotel/id/796356-russia-yekaterinburg-boutiqe-hostel-vokrug-sveta-3
Centre Hotel 3*,https://tury.ru/hotel/id/796359-russia-yekaterinburg-hotel-centre-3
Comfort Mini Hotel 5*,https://tury.ru/hotel/id/796361-russia-yekaterinburg-comfort-mini-hotel-5
DoBeDo Hostel 3*,https://tury.ru/hotel/id/796364-russia-yekaterinburg-dobedo-hostel-3
Dostoyevsky Hostel 3*,https://tury.ru/hotel/id/796366-russia-yekaterinburg-dostoyevsky-hostel-3
Etaji Hostel 3*,https://tury.ru/hotel/id/796369-russia-yekaterinburg-etaji-hostel-3
Europa Hotel 3*,https://tury.ru/hotel/id/796371-russia-yekaterinburg-hotel-europa-3
Family Hostel 3*,https://tury.ru/hotel/id/796382-russia-yekaterinburg-family-hostel-3
Aleksandrovskiy Guest House 3*,https://tury.ru/hotel/id/796387-russia-yekaterinburg-guest-house-aleksandrovskiy-3
Champion Hostel 3*,https://tury.ru/hotel/id/796390-russia-yekaterinburg-hostel-champion-3
8 Woman Hostel 3*,https://tury.ru/hotel/id/796391-russia-yekaterinburg-hostel-8-woman-3
в„–9 Hostel,https://tury.ru/hotel/id/796392-russia-yekaterinburg-hostel-9-5
Atasikun Hostel 3*,https://tury.ru/hotel/id/796393-russia-yekaterinburg-hostel-atasikun-3
Boat Hostel 3*,https://tury.ru/hotel/id/796395-russia-yekaterinburg-hostel-boat-3
Ekaterinburg Hostel,https://tury.ru/hotel/id/796397-russia-yekaterinburg-hostel-ekaterinburg-3
For Friends Hostel 3*,https://tury.ru/hotel/id/796398-russia-yekaterinburg-hostel-for-friends-3
Fort Hostel 3*,https://tury.ru/hotel/id/796399-russia-yekaterinburg-hostel-fort-3
Krasnyi Divan Hostel 3*,https://tury.ru/hotel/id/796400-russia-yekaterinburg-hostel-krasnyi-divan-3
Odissey Centre Hostel 3*,https://tury.ru/hotel/id/796401-russia-yekaterinburg-hostel-odissey-centre-3
on Vokzalnaya Hostel 3*,https://tury.ru/hotel/id/796402-russia-yekaterinburg-hostel-on-vokzalnaya-3
Puzzle Hostel 3*,https://tury.ru/hotel/id/796403-russia-yekaterinburg-hostel-puzzle-3
Snail Hostel 3*,https://tury.ru/hotel/id/796404-russia-yekaterinburg-hostel-snail-3
Sputnik Hostel 3*,https://tury.ru/hotel/id/796405-russia-yekaterinburg-hostel-sputnik-3
Standart Hostel 3*,https://tury.ru/hotel/id/796406-russia-yekaterinburg-hostel-standart-3
Tsiolkovskiy Hostel 3*,https://tury.ru/hotel/id/796407-russia-yekaterinburg-hostel-tsiolkovskiy-3
Inn Caesar 5*,https://tury.ru/hotel/id/796409-russia-yekaterinburg-inn-caesar-5
Inn Chaykovskogo 3*,https://tury.ru/hotel/id/796410-russia-yekaterinburg-inn-chaykovskogo-3
JazzzHostel - Female and Families only 3*,https://tury.ru/hotel/id/796412-russia-yekaterinburg-jazzzhostel---female-and-families-only-3
Khimmash Hostel 3*,https://tury.ru/hotel/id/796413-russia-yekaterinburg-khimmash-hostel-3
Kovcheg de lux 4*,https://tury.ru/hotel/id/796414-russia-yekaterinburg-kovcheg-de-lux-4
Krona 3*,https://tury.ru/hotel/id/796415-russia-yekaterinburg-krona-3
Kvartira on Malysheva 4B 4*,https://tury.ru/hotel/id/796416-russia-yekaterinburg-kvartira-on-malysheva-4b-4
Kvartira Yekaterinburg 3*,https://tury.ru/hotel/id/796417-russia-yekaterinburg-kvartira-yekaterinburg-3
Leto Hotel 3*,https://tury.ru/hotel/id/796419-russia-yekaterinburg-hotel-leto-3
Lhouse Hotel 3*,https://tury.ru/hotel/id/796420-russia-yekaterinburg-lhouse-hotel-3
Light Hotel 3*,https://tury.ru/hotel/id/796421-russia-yekaterinburg-light-hotel-3
Light Hotel on Bebelya Street 4*,https://tury.ru/hotel/id/796422-russia-yekaterinburg-light-hotel-on-bebelya-street-4
Light Hotel on Klyuchevskaya 3*,https://tury.ru/hotel/id/796423-russia-yekaterinburg-light-hotel-on-klyuchevskaya-3
Like Hostel Na Grazhdanskoy 3*,https://tury.ru/hotel/id/796424-russia-yekaterinburg-like-hostel-na-grazhdanskoy-3
Like Hostel na Vainera 3*,https://tury.ru/hotel/id/796425-russia-yekaterinburg-like-hostel-na-vainera-3
Loft Inn 5*,https://tury.ru/hotel/id/796426-russia-yekaterinburg-loft-inn-5
Apart - Maksim - ZHK Bazhovsky Apartments,https://tury.ru/hotel/id/796428-russia-yekaterinburg-maksim---zhk-bazhovsky-apartments-3
Apart - Maksim Apartments,https://tury.ru/hotel/id/796429-russia-yekaterinburg-maksim-apartments-3
Maliy Hotel Petal Lotus 3*,https://tury.ru/hotel/id/796430-russia-yekaterinburg-maliy-hotel-petal-lotus-3
Marin Dom Na Sheynkmana 45 3*,https://tury.ru/hotel/id/796431-russia-yekaterinburg-marin-dom-na-sheynkmana-45-3
Mini Gostinitsa na Chaykovskogo 3*,https://tury.ru/hotel/id/796432-russia-yekaterinburg-mini-gostinitsa-na-chaykovskogo-3
Mini Hostel 3*,https://tury.ru/hotel/id/796433-russia-yekaterinburg-mini-hostel-3
Mini Hotel De Gennin 4*,https://tury.ru/hotel/id/796434-russia-yekaterinburg-mini-hotel-de-gennin-4
Mini Hotel Domovoi 3*,https://tury.ru/hotel/id/796435-russia-yekaterinburg-mini-hotel-domovoi-3
Mini Hotel on Tatisheva 5*,https://tury.ru/hotel/id/796436-russia-yekaterinburg-mini-hotel-on-tatisheva-5
Mini Hotel Three Rooms 2*,https://tury.ru/hotel/id/796437-russia-yekaterinburg-mini-hotel-three-rooms-2
Aleksa Mini hotel 3*,https://tury.ru/hotel/id/796438-russia-yekaterinburg-mini-hotel-aleksa-3
on Popova 33A Mini-hotel 4*,https://tury.ru/hotel/id/796439-russia-yekaterinburg-mini-hotel-on-popova-33a-4
Mirotel 3*,https://tury.ru/hotel/id/796442-russia-yekaterinburg-mirotel-3
Moskovsky Hotel 3*,https://tury.ru/hotel/id/796443-russia-yekaterinburg-moskovsky-hotel-3
Moy Dom Hostel 3*,https://tury.ru/hotel/id/796444-russia-yekaterinburg-moy-dom-hostel-3
Mrs Hudson Hostel 3*,https://tury.ru/hotel/id/796445-russia-yekaterinburg-mrs-hudson-hostel-3
Myagkiy Hostel Ekaterinburg 3*,https://tury.ru/hotel/id/796446-russia-yekaterinburg-myagkiy-hostel-ekaterinburg-3
na Trakte Hotel 3*,https://tury.ru/hotel/id/796447-russia-yekaterinburg-hotel-na-trakte-3
Nashe Mesto Club House 3*,https://tury.ru/hotel/id/796448-russia-yekaterinburg-nashe-mesto-club-house-3
Nice Days Hostel 3*,https://tury.ru/hotel/id/796449-russia-yekaterinburg-nice-days-hostel-3
Obshchezhitiye na Vaynera 3*,https://tury.ru/hotel/id/796450-russia-yekaterinburg-obshchezhitiye-na-vaynera-3
Prime Inn 3*,https://tury.ru/hotel/id/796460-russia-yekaterinburg-prime-inn-3
Protex-Otel 3*,https://tury.ru/hotel/id/796461-russia-yekaterinburg-protex-otel-3
Puzzle 3*,https://tury.ru/hotel/id/796462-russia-yekaterinburg-puzzle-3
Radishev Hostel 3*,https://tury.ru/hotel/id/796463-russia-yekaterinburg-radishev-hostel-3
Radishteva London 3*,https://tury.ru/hotel/id/796464-russia-yekaterinburg-radishteva-london-3
Radogost Hostel 3*,https://tury.ru/hotel/id/796465-russia-yekaterinburg-radogost-hostel-3
Red Star Hostel 3*,https://tury.ru/hotel/id/796466-russia-yekaterinburg-red-star-hostel-3
Respect-Hall Hotel 4*,https://tury.ru/hotel/id/796467-russia-yekaterinburg-respect-hall-hotel-4
Sky Hostel 4*,https://tury.ru/hotel/id/796473-russia-yekaterinburg-sky-hostel-4
Sophie Hostels 2*,https://tury.ru/hotel/id/796474-russia-yekaterinburg-sophie-hostels-2
Sunrise Inn 3*,https://tury.ru/hotel/id/796476-russia-yekaterinburg-sunrise-inn-3
Top Hostel 3*,https://tury.ru/hotel/id/796478-russia-yekaterinburg-top-hostel-3
U Megi Guest House 4*,https://tury.ru/hotel/id/796479-russia-yekaterinburg-u-megi-guest-house-4
Usadba Orehovo Hotel 4*,https://tury.ru/hotel/id/796481-russia-yekaterinburg-hotel-usadba-orehovo-4
Uspensky Dvor Hotel 3*,https://tury.ru/hotel/id/796482-russia-yekaterinburg-hotel-uspensky-dvor-3
Ussuri-Hostel 3*,https://tury.ru/hotel/id/796483-russia-yekaterinburg-ussuri-hostel-3
Va Bene Boutique Hostel 3*,https://tury.ru/hotel/id/796490-russia-yekaterinburg-va-bene-boutique-hostel-3
Vremena Goda 3*,https://tury.ru/hotel/id/796492-russia-yekaterinburg-vremena-goda-3
Yin Yang Mini Hotel in Moskva Complex 3*,https://tury.ru/hotel/id/796494-russia-yekaterinburg-yin-yang-mini-hotel-in-moskva-complex-3
Yin Yang Mini Hotel on 8 Marta 3*,https://tury.ru/hotel/id/796495-russia-yekaterinburg-yin-yang-mini-hotel-on-8-marta-3
Ying Yang Mini Hotel na Shchorsa 3*,https://tury.ru/hotel/id/796496-russia-yekaterinburg-ying-yang-mini-hotel-na-shchorsa-3
Yo! Hostel at 8 Marta 3*,https://tury.ru/hotel/id/796497-russia-yekaterinburg-yo-hostel-at-8-marta-3
Zvezdnyi hotel Yekaterinburg 3*,https://tury.ru/hotel/id/796499-russia-yekaterinburg-zvezdnyi-3
Mini-Otel Petal Lotus,https://tury.ru/hotel/id/1149483-russia-yekaterinburg-mini-otel-petal-lotus
Otel Tatyana,https://tury.ru/hotel/id/1149484-russia-yekaterinburg-otel-tatyana
Zolotoy Lev Otel 3*,https://tury.ru/hotel/id/1149485-russia-yekaterinburg-zolotoy-lev-otel-3
Kottedzh Desyatka,https://tury.ru/hotel/id/1149490-russia-yekaterinburg-kottedzh-desyatka
Kantri-Klub Otel Razdole 3*,https://tury.ru/hotel/id/1149494-russia-yekaterinburg-kantri-klub-otel-razdole-3
Otel Country hotel Forest Glade,https://tury.ru/hotel/id/1149499-russia-yekaterinburg-otel-country-hotel-forest-glade
Otel Siberia on the specific GC,https://tury.ru/hotel/id/1149505-russia-yekaterinburg-otel-siberia-on-the-specific-gc
Park-otel Lesnaya Polyana 2*,https://tury.ru/hotel/id/1149515-russia-yekaterinburg-park-otel-lesnaya-polyana-2
Otel Profeesional,https://tury.ru/hotel/id/1149528-russia-yekaterinburg-otel-profeesional
Vneshservis 2*,https://tury.ru/hotel/id/1149539-russia-yekaterinburg-gostinica-vneshservis-2
Otel Meeting Point,https://tury.ru/hotel/id/1149542-russia-yekaterinburg-otel-meeting-point
URFU mini hotel,https://tury.ru/hotel/id/1149547-russia-yekaterinburg-holidey-hostel-na-lenina
Art Hostel na Krasnoarmeyskoy,https://tury.ru/hotel/id/1149552-russia-yekaterinburg-art-hostel-na-krasnoarmeyskoy
Ametist hostel,https://tury.ru/hotel/id/1149554-russia-yekaterinburg-hostel-good-night-b120
Fonari 2 Hostel,https://tury.ru/hotel/id/1149558-russia-yekaterinburg-fonari-2-hostel
Krasnaya zvezda Hostel,https://tury.ru/hotel/id/1149559-russia-yekaterinburg-krasnaya-zvezda-hostel
Chetyre Komnaty Hostel,https://tury.ru/hotel/id/1149570-russia-yekaterinburg-chetyre-komnaty-hostel
Otel Loff,https://tury.ru/hotel/id/1149571-russia-yekaterinburg-otel-loff
Mini-otel na Popova,https://tury.ru/hotel/id/1149576-russia-yekaterinburg-mini-otel-na-popova
Pazl Hostel,https://tury.ru/hotel/id/1149577-russia-yekaterinburg-pazl-hostel
Layk Hostel,https://tury.ru/hotel/id/1149578-russia-yekaterinburg-layk-hostel
Trans-Siberian Hostel,https://tury.ru/hotel/id/1149583-russia-yekaterinburg-trans-siberian-hostel
Omnomnom Hostel,https://tury.ru/hotel/id/1149597-russia-yekaterinburg-omnomnom-hostel
Art Hostel Gold na Bankovskom,https://tury.ru/hotel/id/1149598-russia-yekaterinburg-art-hostel-na-bankovskom
Mandarin Hostel,https://tury.ru/hotel/id/1149601-russia-yekaterinburg-mandarin-hostel
Otel Vysockiy,https://tury.ru/hotel/id/1149603-russia-yekaterinburg-otel-vysockiy
Holiday Hostel na Ulice Kalinina,https://tury.ru/hotel/id/1149613-russia-yekaterinburg-holiday-hostel-na-ulice-kalinina
Pioner Plaza Hostel,https://tury.ru/hotel/id/1149618-russia-yekaterinburg-pioner-plaza-hostel
Arriva Hostel,https://tury.ru/hotel/id/1149619-russia-yekaterinburg-arriva-hostel
Mini-otel Domovoy,https://tury.ru/hotel/id/1149621-russia-yekaterinburg-mini-otel-domovoy
Villa Bogema,https://tury.ru/hotel/id/1149636-russia-yekaterinburg-villa-bogema
Otel Layt,https://tury.ru/hotel/id/1149660-russia-yekaterinburg-otel-layt
Good Night 66 Hostel,https://tury.ru/hotel/id/1149663-russia-yekaterinburg-good-night-66-hostel
Otel Bazhovskiy,https://tury.ru/hotel/id/1149664-russia-yekaterinburg-otel-bazhovskiy
Na Donbasskoy Hotel,https://tury.ru/hotel/id/1149675-russia-yekaterinburg-na-donbasskoy-hotel
Divs hotel 3*,https://tury.ru/hotel/id/1149676-russia-yekaterinburg-divs-3
Svetlyy Dom,https://tury.ru/hotel/id/1149678-russia-yekaterinburg-gostinica-svetlyy-dom
Akademicheskiy Otel Niotan,https://tury.ru/hotel/id/1149679-russia-yekaterinburg-akademicheskiy-otel-niotan
Malakhit 2000,https://tury.ru/hotel/id/1149680-russia-yekaterinburg-malakhit-2000
Kolosok,https://tury.ru/hotel/id/1149681-russia-yekaterinburg-kolosok
Dynamo hotel,https://tury.ru/hotel/id/1149682-russia-yekaterinburg-dynamo-trans-siberian-railway
Apart - As Hotel Apartments,https://tury.ru/hotel/id/1149702-russia-yekaterinburg-apart---as-hotel-apartments
Zhemchuzhina Guesthouse,https://tury.ru/hotel/id/1149703-russia-yekaterinburg-zhemchuzhina-guesthouse
Ujutnyj Dom 3*,https://tury.ru/hotel/id/1149713-russia-yekaterinburg-ujutnyj-dom-3
Happy House Hostel,https://tury.ru/hotel/id/1149729-russia-yekaterinburg-happy-house-hostel
,https://tury.ru/hotel/id/1149733-russia-yekaterinburg-richmond-hotel-kirovskiy-district-4
Metallurg Yekaterinburg,https://tury.ru/hotel/id/1149999-russia-yekaterinburg-metallurg-yekaterinburg
Gostinyy Dvor hotel,https://tury.ru/hotel/id/1150001-russia-yekaterinburg-gostinyy-dvor
Konnosportivnyy Klub Belaia Loshad,https://tury.ru/hotel/id/1150002-russia-yekaterinburg-konnosportivnyy-klub-belaia-loshad
Talisman Yekaterinburg Sverdlovsk Oblast,https://tury.ru/hotel/id/1150003-russia-yekaterinburg-talisman-yekaterinburg-sverdlovsk-oblast
Southern Hotel,https://tury.ru/hotel/id/1150013-russia-yekaterinburg-southern-hotel
Vysotckiy,https://tury.ru/hotel/id/1150165-russia-yekaterinburg-vysotckiy
Siut,https://tury.ru/hotel/id/1150166-russia-yekaterinburg-siut
Park Otel Sukhoy Log,https://tury.ru/hotel/id/1150167-russia-yekaterinburg-park-otel-sukhoy-log
Country Club at Mount Volciha,https://tury.ru/hotel/id/1150179-russia-yekaterinburg-country-club-at-mount-volciha
Puzzle Yekaterinburg Hostel,https://tury.ru/hotel/id/1150183-russia-yekaterinburg-puzzle-yekaterinburg-hostel
Edelveis Hostel,https://tury.ru/hotel/id/1150200-russia-yekaterinburg-edelveis-hostel
Auto Hostel,https://tury.ru/hotel/id/1150201-russia-yekaterinburg-auto-hostel
Night Hostel,https://tury.ru/hotel/id/1150203-russia-yekaterinburg-night-hostel
Solnechny Bereg Zagorodny Club,https://tury.ru/hotel/id/1150219-russia-yekaterinburg-solnechny-bereg-zagorodny-club
na Pionerov Hostel,https://tury.ru/hotel/id/1150226-russia-yekaterinburg-na-pionerov-hostel
YoungFree Center Hostel,https://tury.ru/hotel/id/1150230-russia-yekaterinburg-youngfree-center-hostel
Mini otely Uyut,https://tury.ru/hotel/id/1150249-russia-yekaterinburg-mini-otely-uyut
Kvartira Popova,https://tury.ru/hotel/id/1150254-russia-yekaterinburg-kvartira-popova
Kvartira Chkalovskiy District Yekaterinburg,https://tury.ru/hotel/id/1150285-russia-yekaterinburg-kvartira-chkalovskiy-district-yekaterinburg
Malyshev 84,https://tury.ru/hotel/id/1150308-russia-yekaterinburg-malyshev-84
Uralochka Hotel,https://tury.ru/hotel/id/1150382-russia-yekaterinburg-uralochka-hotel
Hollywood Hostel Yekaterinburg,https://tury.ru/hotel/id/1150402-russia-yekaterinburg-hollywood-hostel-yekaterinburg
Yin Yang in Complex Moskva,https://tury.ru/hotel/id/1150405-russia-yekaterinburg-yin-yang-in-complex-moskva
Sibirj,https://tury.ru/hotel/id/1150481-russia-yekaterinburg-sibirj
Ti Rouz,https://tury.ru/hotel/id/1150485-russia-yekaterinburg-ti-rouz
Rook Hostel,https://tury.ru/hotel/id/1150490-russia-yekaterinburg-rook-hostel
Khostel Layk,https://tury.ru/hotel/id/1150493-russia-yekaterinburg-khostel-layk
GorodOtel Ekaterinburg hotel,https://tury.ru/hotel/id/1150494-russia-yekaterinburg-gorod-otel-ekaterinburg
ComeOn Hostel,https://tury.ru/hotel/id/1150518-russia-yekaterinburg-comeon-hostel
Vasha Studiya,https://tury.ru/hotel/id/1150526-russia-yekaterinburg-vasha-studiya
Like Yekaterinburg Hostel,https://tury.ru/hotel/id/1150539-russia-yekaterinburg-like-yekaterinburg-hostel
UralHotel Hotel Complex,https://tury.ru/hotel/id/1150540-russia-yekaterinburg-uralhotel-hotel-complex
Megalajt Hotel,https://tury.ru/hotel/id/1150542-russia-yekaterinburg-megalajt-hotel
Avrora Na Pushkina Hostel,https://tury.ru/hotel/id/1150544-russia-yekaterinburg-avrora-na-pushkina-hostel
Avrora Na Kalinina Hostel,https://tury.ru/hotel/id/1150562-russia-yekaterinburg-avrora-na-kalinina-hostel
Rent66,https://tury.ru/hotel/id/1150563-russia-yekaterinburg-rent66
Volna Baza Otdykha,https://tury.ru/hotel/id/1150668-russia-yekaterinburg-volna-baza-otdykha
Olimp Yekaterinburg Hotel,https://tury.ru/hotel/id/1150680-russia-yekaterinburg-olimp-yekaterinburg-hotel
ApartHotel Visotsky,https://tury.ru/hotel/id/1150697-russia-yekaterinburg-aparthotel-visotsky
Sosnovyi Bor,https://tury.ru/hotel/id/1150698-russia-yekaterinburg-sosnovyi-bor
Ussuri hostel,https://tury.ru/hotel/id/2648026684-
"""РџСѓС€РєРёРЅ street"" hostel 3*",https://tury.ru/hotel/id/2648029826-
Не указано,https://tury.ru/hotel/?cn=0&ct=112465&ht=0&ad=2&ch=0&dt_f=2025-02-08&dt_t=2025-04-10&s=0#
Mayak hotel Omsk 3*,https://tury.ru/hotel/id/38111-russia-omsk-mayak-mayak
Irtysh Hotel 3*,https://tury.ru/hotel/id/38125-russia-omsk-irtysh-hotel-3
Avrora hotel Omsk 2*,https://tury.ru/hotel/id/87477-russia-omsk-avrora-the-hotel-complex-omsk
Omsk Hotel,https://tury.ru/hotel/id/87594-russia-omsk-omsk-omsk
Flagman Hotel Omsk 3*,https://tury.ru/hotel/id/87599-russia-omsk-flagman-hotel-omsk-3
Gostinyj Dvor hotel Omsk 3*,https://tury.ru/hotel/id/87604-russia-omsk-gostinyj-dvor-hotel-omsk-3
Turist hotel Omsk,https://tury.ru/hotel/id/87616-russia-omsk-turist
Zagorodnyj Dom hotel,https://tury.ru/hotel/id/87629-russia-omsk-zagorodnyj-dom-hotel
Nika hotel complex Omsk,https://tury.ru/hotel/id/87959-russia-omsk-nika-nika
Lermontov hotel 3*,https://tury.ru/hotel/id/87963-russia-omsk-lermontov-otel-lermontov-otel
Ibis Sibir Omsk Hotel 3*,https://tury.ru/hotel/id/88010-russia-omsk-ibis-sibir-hotel-3
Kamelot Complex,https://tury.ru/hotel/id/88018-russia-omsk-kamelot-kamelot
Molodyozhnaya hotel Omsk 3*,https://tury.ru/hotel/id/88021-russia-omsk-molodezhnaya-molodyozhnaya-3
Shato hotel Omsk,https://tury.ru/hotel/id/88031-russia-omsk-shato-hotel-omsk
Polet hotel Omsk,https://tury.ru/hotel/id/272810-russia-omsk-polet
Jar-Ptica recreation center,https://tury.ru/hotel/id/516744-russia-omsk-jar-ptica-recreation-center
41 Hotel 3*,https://tury.ru/hotel/id/802602-russia-omsk-hotel-41-2
Grezy Hotel 3*,https://tury.ru/hotel/id/802605-russia-omsk-grezy-hotel-3
Komplex Nika 2*,https://tury.ru/hotel/id/802607-russia-omsk-komplex-nika-2
Malibu Hotel 3*,https://tury.ru/hotel/id/802609-russia-omsk-malibu-hotel-3
Ognennaya Loshad Hotel 4*,https://tury.ru/hotel/id/802610-russia-omsk-hotel-ognennaya-loshad-4
La Mezon Hotel 3*,https://tury.ru/hotel/id/802611-russia-omsk-la-mezon-hotel-3
Podkova Omsk 3*,https://tury.ru/hotel/id/802612-russia-omsk-podkova-omsk-3
Zhar-Ptitsa 3*,https://tury.ru/hotel/id/802613-russia-omsk-zhar-ptitsa-3
Aero Hotel Omsk 3*,https://tury.ru/hotel/id/802614-russia-omsk-aero-hotel-3
Amaks Omsk Hotel 4*,https://tury.ru/hotel/id/802622-russia-omsk-amaks-omsk-hotel-4
Brick Walls Hotel 3*,https://tury.ru/hotel/id/802658-russia-omsk-brick-walls-hotel-3
Den I Noch Hotel 3*,https://tury.ru/hotel/id/802660-russia-omsk-den-i-noch-hotel-3
Four Rooms hotel 3*,https://tury.ru/hotel/id/802661-russia-omsk-four-rooms-3
Akademiya Uyuta Guest House 3*,https://tury.ru/hotel/id/802662-russia-omsk-guest-house-akademiya-uyuta-3
on Severnaya Guest House 4*,https://tury.ru/hotel/id/802663-russia-omsk-guest-house-on-severnaya-4
Agat Hostel Omsk 3*,https://tury.ru/hotel/id/802664-russia-omsk-hostel-agat-3
Central Hostel 3*,https://tury.ru/hotel/id/802665-russia-omsk-hostel-central-3
Omsk Hostel 3*,https://tury.ru/hotel/id/802666-russia-omsk-hostel-omsk-3
Inn Uyutnaya 2*,https://tury.ru/hotel/id/802667-russia-omsk-inn-uyutnaya-2
Like Hostel Omsk 3*,https://tury.ru/hotel/id/802669-russia-omsk-like-hostel-omsk-3
Magistralnaya 40B Inn 4*,https://tury.ru/hotel/id/802670-russia-omsk-magistralnaya-40b-inn-4
Millenium Hostel 3*,https://tury.ru/hotel/id/802671-russia-omsk-millenium-hostel-3
Millenium In the Centre 1*,https://tury.ru/hotel/id/802672-russia-omsk-millenium-in-the-centre-1
Mini Hostel Wanderer 3*,https://tury.ru/hotel/id/802673-russia-omsk-mini-hostel-wanderer-3
Mini Hotel Nora 3*,https://tury.ru/hotel/id/802674-russia-omsk-mini-hotel-nora-3
Sova Mini-Hotel 3*,https://tury.ru/hotel/id/802675-russia-omsk-mini-otel-sova-3
Mirazh Hotel 3*,https://tury.ru/hotel/id/802676-russia-omsk-hotel-mirazh-3
Mishel Hotel 1*,https://tury.ru/hotel/id/802677-russia-omsk-mishel-hotel-1
na Oktyabrskoy Hotel 4*,https://tury.ru/hotel/id/802678-russia-omsk-hotel-na-oktyabrskoy-4
on Tkackoi Hotel 3*,https://tury.ru/hotel/id/802679-russia-omsk-hotel-on-tkackoi-3
Pilot 3*,https://tury.ru/hotel/id/802680-russia-omsk-pilot-3
Raiskaya Laguna Omsk 4*,https://tury.ru/hotel/id/802682-russia-omsk-raiskaya-laguna-omsk-4
Rest Time Hotel 3*,https://tury.ru/hotel/id/802683-russia-omsk-hotel-rest-time-3
Sky Hotel 3*,https://tury.ru/hotel/id/802684-russia-omsk-sky-hotel-3
Standartoff 3*,https://tury.ru/hotel/id/802685-russia-omsk-standartoff-3
Tetta MiniHotel 3*,https://tury.ru/hotel/id/802686-russia-omsk-tetta-minihotel-3
Tri Ohotnika Hotel 4*,https://tury.ru/hotel/id/802687-russia-omsk-tri-ohotnika-hotel-4
Vodoley Hotel 3*,https://tury.ru/hotel/id/802688-russia-omsk-vodoley-hotel-3
Yo! Hostel Omsk 3*,https://tury.ru/hotel/id/802689-russia-omsk-yo-hostel-omsk-3
Zheleznodorozhnaya Hotel 4*,https://tury.ru/hotel/id/802690-russia-omsk-hotel-zheleznodorozhnaya-4
Zhukov Inn 3*,https://tury.ru/hotel/id/802691-russia-omsk-zhukov-inn-3
Kompleks Nika 3*,https://tury.ru/hotel/id/1149488-russia-omsk-kompleks-nika-3
Milennium Hostel,https://tury.ru/hotel/id/1149489-russia-omsk-milennium-hostel
Otel Abazhur,https://tury.ru/hotel/id/1149511-russia-omsk-otel-abazhur
Veles,https://tury.ru/hotel/id/1149512-russia-omsk-gostinica-veles
Perekrestok hotel,https://tury.ru/hotel/id/1149527-russia-omsk-gostinica-perekrestok
Vizit,https://tury.ru/hotel/id/1149625-russia-omsk-gostinica-vizit
Business Club hotel Razumovskiy,https://tury.ru/hotel/id/1149628-russia-omsk-biznes-klub-otel-razumovskiy
Avenyu hotel,https://tury.ru/hotel/id/1149633-russia-omsk-gostinica-avenyu
Otel Lya Mezon,https://tury.ru/hotel/id/1149644-russia-omsk-otel-lya-mezon
Comfort Hostel Omsk,https://tury.ru/hotel/id/1149698-russia-omsk-comfort-hostel-omsk
Akvamarin 1 hotel 3*,https://tury.ru/hotel/id/1149706-russia-omsk-akvamarin-1-hotel-3
Ilya Hostel by the Train Station,https://tury.ru/hotel/id/1149751-russia-omsk-ilya-hostel-by-the-train-station
Usadba Gribanovo,https://tury.ru/hotel/id/1149782-russia-omsk-usadba-gribanovo
Millenium Hostel Omsk,https://tury.ru/hotel/id/1149812-russia-omsk-millenium-hostel-omsk
Millennium Hotel in Malaya Ivanovskaya,https://tury.ru/hotel/id/1149813-russia-omsk-millennium-hotel-in-malaya-ivanovskaya
Krokus Hotel Omsk 2*,https://tury.ru/hotel/id/1149827-russia-omsk-krokus-hotel-omsk-2
Gloria Omsk Hotel 3*,https://tury.ru/hotel/id/1149829-russia-omsk-gloria-omsk-hotel
Exotika Zhary hotel,https://tury.ru/hotel/id/1149884-russia-omsk-exotika-zhary
Emmanuil Hotel,https://tury.ru/hotel/id/1149951-russia-omsk-emmanuil-hotel
Mini Hotel Elena,https://tury.ru/hotel/id/1149952-russia-omsk-mini-hotel-elena
Zhukov Hotel 3*,https://tury.ru/hotel/id/1149954-russia-omsk-zhukov-hotel-3
Ysadba Bolshekulachje,https://tury.ru/hotel/id/1149957-russia-omsk-ysadba-bolshekulachje
s compleks Mishel Hotel,https://tury.ru/hotel/id/1149970-russia-omsk-s-compleks-mishel-hotel
Tsenter Garazh,https://tury.ru/hotel/id/1149978-russia-omsk-tsenter-garazh
Service Center Ger Shuler,https://tury.ru/hotel/id/1149982-russia-omsk-service-center-ger-shuler
Park-Otel Mechta,https://tury.ru/hotel/id/1150078-russia-omsk-park-otel-mechta
Vitiaz,https://tury.ru/hotel/id/1150080-russia-omsk-vitiaz
Khostel Millenium Na Marksa,https://tury.ru/hotel/id/1150081-russia-omsk-khostel-millenium-na-marksa
OK Hostel Omsk,https://tury.ru/hotel/id/1150126-russia-omsk-ok-hostel-omsk
Ostrov Piratov,https://tury.ru/hotel/id/1150205-russia-omsk-ostrov-piratov
Dostoevskiy Omsk Hostel,https://tury.ru/hotel/id/1150206-russia-omsk-dostoevskiy-omsk-hostel
Inn on Mamina-Sibiryaka,https://tury.ru/hotel/id/1150225-russia-omsk-inn-on-mamina-sibiryaka
Oasis Hotel Omsk,https://tury.ru/hotel/id/1150239-russia-omsk-oasis-hotel-omsk
Aura Hotel Omsk,https://tury.ru/hotel/id/1150266-russia-omsk-aura-omsk-hotel
Zaozernaya 5 Guest house,https://tury.ru/hotel/id/1150282-russia-omsk-guesthouse-zaozernaya-5
Sputnik Omsk Hotel,https://tury.ru/hotel/id/1150322-russia-omsk-sputnik-omsk-hotel
Tsentral,https://tury.ru/hotel/id/1150455-russia-omsk-tsentral
Prestige Suites Omsk,https://tury.ru/hotel/id/1150461-russia-omsk-prestige-suites-omsk
Lighthouse Omsk,https://tury.ru/hotel/id/1150483-russia-omsk-lighthouse-omsk
Alfa hotel,https://tury.ru/hotel/id/1150484-russia-omsk-alfa-hotel
Yo Hostel Omsk,https://tury.ru/hotel/id/1150507-russia-omsk-yo-hostel-omsk
Rossiya Omsk,https://tury.ru/hotel/id/1150524-russia-omsk-rossiya-omsk
Tetta,https://tury.ru/hotel/id/1150567-russia-omsk-tetta
GLOBUS Hostel,https://tury.ru/hotel/id/8809328-russia-omsk-globus-hostel
